Message,timestamp,data
"{'mot': [27, 0, 0.986728, -0.03125, 0.15625, 0.03125, 1.000015, 0.125002, -0.218753, -76.563667, -21.085609, 38.281834], 'time': 1683167632.8207}",2023-05-03 19:33:52.892753+00:00,500.4742563561665 499.86174221481247
"{'mot': [28, 0, 0.969506, -0.078125, 0.21875, 0.078125, 1.000015, 0.125002, -0.187503, -76.563667, -18.977049, 38.281834], 'time': 1683167632.8363}",2023-05-03 19:33:52.892935+00:00,500.4742563561665 499.86174221481247
"{'mot': [29, 0, 0.938541, -0.03125, 0.34375, 0.0, 1.000015, 0.125002, -0.218753, -76.563667, -20.907526, 38.281834], 'time': 1683167632.8519}",2023-05-03 19:33:52.893097+00:00,500.4742563561665 499.86174221481247
"{'eyeAct': 'neutral', 'uAct': 'frown', 'uPow': 1.0, 'lAct': 'smile', 'lPow': 0.65, 'time': 1683167632.8363}",2023-05-03 19:33:52.893222+00:00,500.4742563561665 499.86174221481247
"{'mot': [30, 0, 0.767218, 0.25, 0.46875, -0.359375, 1.000015, 0.125002, -0.187503, -76.563667, -22.644958, 38.281834], 'time': 1683167632.8676}",2023-05-03 19:33:52.894353+00:00,500.4742563561665 499.86174221481247
"{'mot': [31, 0, 0.73004, 0.1875, 0.578125, -0.3125, 1.000015, 0.125002, -0.187503, -76.563667, -24.208645, 38.281834], 'time': 1683167632.8832}",2023-05-03 19:33:52.894506+00:00,500.4742563561665 499.86174221481247
"{'eyeAct': 'neutral', 'uAct': 'frown', 'uPow': 1.0, 'lAct': 'smile', 'lPow': 0.65, 'time': 1683167632.8676}",2023-05-03 19:33:52.894624+00:00,500.4742563561665 499.86174221481247
"{'mot': [32, 0, 0.557924, 0.375, 0.515625, -0.53125, 1.000015, 0.156252, -0.187503, -76.563667, -25.615965, 38.281834], 'time': 1683167632.8988}",2023-05-03 19:33:52.934822+00:00,500.4742563561665 499.86174221481247
"{'mot': [33, 0, 0.924387, -0.0625, 0.375, 0.03125, 1.000015, 0.125002, -0.187503, -76.563667, -23.054367, 38.281834], 'time': 1683167632.9144}",2023-05-03 19:33:52.935005+00:00,500.4742563561665 499.86174221481247
"{'mot': [34, 0, 0.73004, 0.1875, 0.578125, -0.3125, 1.000015, 0.125002, -0.187503, -76.563667, -20.748932, 38.281834], 'time': 1683167632.9301}",2023-05-03 19:33:52.935153+00:00,500.4742563561665 499.86174221481247
"{'pow': [5.801, 9.253, 3.925, 2.417, 0.799, 5.094, 1.743, 0.676, 0.498, 0.213, 10.302, 7.949, 5.844, 2.95, 0.854, 8.179, 9.012, 6.483, 3.249, 0.721, 4.688, 9.707, 3.41, 3.076, 0.556], 'time': 1683167632.9301}",2023-05-03 19:33:52.935330+00:00,500.4742563561665 499.86174221481247
"{'signal': 1.0, 'dev': [4, 4, 4, 4, 4, 100], 'batteryPercent': 80, 'time': 1683167632.9301}",2023-05-03 19:33:52.935444+00:00,500.4742563561665 499.86174221481247
"{'eyeAct': 'neutral', 'uAct': 'frown', 'uPow': 1.0, 'lAct': 'smile', 'lPow': 0.65, 'time': 1683167632.8988}",2023-05-03 19:33:52.935556+00:00,500.4742563561665 499.86174221481247
"{'eyeAct': 'neutral', 'uAct': 'frown', 'uPow': 1.0, 'lAct': 'smile', 'lPow': 0.65, 'time': 1683167632.9301}",2023-05-03 19:33:52.935673+00:00,500.4742563561665 499.86174221481247
"{'mot': [35, 0, 0.924387, -0.0625, 0.375, 0.03125, 1.000015, 0.125002, -0.187503, -76.563667, -18.674038, 38.281834], 'time': 1683167632.9457}",2023-05-03 19:33:52.954355+00:00,500.4742563561665 499.86174221481247
"{'mot': [36, 0, 0.760827, 0.203125, 0.53125, -0.3125, 1.000015, 0.156252, -0.187503, -76.563667, -16.806635, 38.281834], 'time': 1683167632.9613}",2023-05-03 19:33:52.993970+00:00,500.4742563561665 499.86174221481247
"{'mot': [37, 0, 0.582333, 0.359375, 0.515625, -0.515625, 0.968765, 0.156252, -0.187503, -76.563667, -15.125971, 38.281834], 'time': 1683167632.9769}",2023-05-03 19:33:52.994097+00:00,500.4742563561665 499.86174221481247
"{'mot': [38, 0, 0.872485, -0.0625, 0.484375, 0.015625, 1.000015, 0.125002, -0.187503, -76.563667, -13.613374, 38.281834], 'time': 1683167632.9926}",2023-05-03 19:33:52.994208+00:00,500.4742563561665 499.86174221481247
"{'eyeAct': 'neutral', 'uAct': 'frown', 'uPow': 1.0, 'lAct': 'smile', 'lPow': 0.65, 'time': 1683167632.9613}",2023-05-03 19:33:52.994289+00:00,500.4742563561665 499.86174221481247
"{'eyeAct': 'neutral', 'uAct': 'frown', 'uPow': 1.0, 'lAct': 'smile', 'lPow': 0.65, 'time': 1683167632.9926}",2023-05-03 19:33:52.994361+00:00,500.4742563561665 499.86174221481247
"{'mot': [39, 0, 0.599886, 0.390625, 0.453125, -0.53125, 1.000015, 0.156252, -0.187503, -76.563667, -12.252036, 38.281834], 'time': 1683167633.0082}",2023-05-03 19:33:53.033734+00:00,500.4742563561665 499.86174221481247
"{'mot': [40, 0, 0.864615, -0.046875, 0.5, -0.015625, 1.000015, 0.125002, -0.187503, -76.563667, -14.855016, 38.281834], 'time': 1683167633.0238}",2023-05-03 19:33:53.033927+00:00,500.4742563561665 499.86174221481247
"{'eyeAct': 'neutral', 'uAct': 'frown', 'uPow': 1.0, 'lAct': 'smile', 'lPow': 0.65, 'time': 1683167633.0238}",2023-05-03 19:33:53.034042+00:00,500.4742563561665 499.86174221481247
"{'mot': [41, 0, 0.546652, 0.40625, 0.46875, -0.5625, 1.000015, 0.156252, -0.187503, -76.563667, -17.197699, 38.281834], 'time': 1683167633.0394}",2023-05-03 19:33:53.074715+00:00,500.4742563561665 499.86174221481247
"{'mot': [42, 0, 0.931884, -0.046875, 0.359375, 0.015625, 0.968765, 0.125002, -0.187503, -76.563667, -19.306112, 38.281834], 'time': 1683167633.0551}",2023-05-03 19:33:53.074859+00:00,500.4742563561665 499.86174221481247
"{'mot': [43, 0, 0.806165, 0.171875, 0.5, -0.265625, 1.000015, 0.125002, -0.218753, -76.563667, -21.203684, 38.281834], 'time': 1683167633.0707}",2023-05-03 19:33:53.074970+00:00,500.4742563561665 499.86174221481247
"{'pow': [5.719, 9.516, 4.11, 2.245, 0.802, 5.134, 1.839, 0.685, 0.502, 0.207, 10.004, 8.248, 5.38, 2.744, 0.788, 7.5, 9.764, 5.686, 3.122, 0.667, 4.629, 10.575, 3.249, 2.86, 0.533], 'time': 1683167633.0551}",2023-05-03 19:33:53.075101+00:00,500.4742563561665 499.86174221481247
"{'eyeAct': 'neutral', 'uAct': 'frown', 'uPow': 1.0, 'lAct': 'smile', 'lPow': 0.65, 'time': 1683167633.0551}",2023-05-03 19:33:53.075201+00:00,500.4742563561665 499.86174221481247
"{'mot': [44, 0, 0.560108, 0.390625, 0.484375, -0.546875, 1.000015, 0.156252, -0.187503, -76.563667, -22.911499, 38.281834], 'time': 1683167633.0863}",2023-05-03 19:33:53.113838+00:00,500.4742563561665 499.86174221481247
"{'mot': [45, 0, 0.953253, -0.046875, 0.296875, 0.03125, 1.000015, 0.156252, -0.187503, -76.563667, -20.620348, 38.281834], 'time': 1683167633.1019}",2023-05-03 19:33:53.113974+00:00,500.4742563561665 499.86174221481247
"{'eyeAct': 'neutral', 'uAct': 'frown', 'uPow': 1.0, 'lAct': 'smile', 'lPow': 0.65, 'time': 1683167633.0863}",2023-05-03 19:33:53.114068+00:00,500.4742563561665 499.86174221481247
"{'mot': [46, 0, 0.902741, 0.03125, 0.421875, -0.078125, 0.968765, 0.156252, -0.187503, -76.563667, -22.386497, 38.281834], 'time': 1683167633.1176}",2023-05-03 19:33:53.134038+00:00,500.4742563561665 499.86174221481247
"{'mot': [47, 0, 0.573248, 0.390625, 0.46875, -0.546875, 0.968765, 0.156252, -0.218753, -76.563667, -23.97603, 38.281834], 'time': 1683167633.1332}",2023-05-03 19:33:53.134166+00:00,500.4742563561665 499.86174221481247
"{'eyeAct': 'neutral', 'uAct': 'frown', 'uPow': 1.0, 'lAct': 'smile', 'lPow': 0.65, 'time': 1683167633.1176}",2023-05-03 19:33:53.134252+00:00,500.4742563561665 499.86174221481247
"{'mot': [48, 0, 0.904362, -0.0625, 0.421875, 0.015625, 1.000015, 0.156252, -0.218753, -76.563667, -25.40661, 38.281834], 'time': 1683167633.1488}",2023-05-03 19:33:53.173597+00:00,500.4742563561665 499.86174221481247
"{'mot': [49, 0, 0.661991, 0.296875, 0.53125, -0.4375, 1.000015, 0.125002, -0.218753, -76.563667, -26.694134, 38.281834], 'time': 1683167633.1644}",2023-05-03 19:33:53.173726+00:00,500.4742563561665 499.86174221481247
"{'eyeAct': 'neutral', 'uAct': 'frown', 'uPow': 1.0, 'lAct': 'smile', 'lPow': 0.65, 'time': 1683167633.1488}",2023-05-03 19:33:53.173808+00:00,500.4742563561665 499.86174221481247
"{'mot': [50, 0, 0.734042, 0.125, 0.625, -0.234375, 1.000015, 0.156252, -0.218753, -76.563667, -27.852903, 38.281834], 'time': 1683167633.1801}",2023-05-03 19:33:53.214530+00:00,500.4742563561665 499.86174221481247
"{'mot': [51, 0, 0.681615, 0.40625, 0.296875, -0.53125, 1.000015, 0.125002, -0.187503, -76.563667, -25.067614, 38.281834], 'time': 1683167633.1957}",2023-05-03 19:33:53.214661+00:00,500.4742563561665 499.86174221481247
"{'mot': [52, 0, 0.790878, 0.046875, 0.59375, -0.140625, 0.968765, 0.156252, -0.187503, -76.563667, -22.560852, 38.281834], 'time': 1683167633.2113}",2023-05-03 19:33:53.214764+00:00,500.4742563561665 499.86174221481247
"{'pow': [5.55, 9.662, 3.996, 1.906, 0.744, 4.628, 1.775, 0.706, 0.497, 0.196, 9.524, 8.596, 4.451, 2.294, 0.683, 6.441, 9.851, 4.351, 2.687, 0.571, 4.568, 11.372, 2.859, 2.386, 0.477], 'time': 1683167633.1801}",2023-05-03 19:33:53.214887+00:00,500.4742563561665 499.86174221481247
"{'eyeAct': 'neutral', 'uAct': 'frown', 'uPow': 1.0, 'lAct': 'smile', 'lPow': 0.65, 'time': 1683167633.1801}",2023-05-03 19:33:53.214972+00:00,500.4742563561665 499.86174221481247
"{'eyeAct': 'neutral', 'uAct': 'frown', 'uPow': 1.0, 'lAct': 'smile', 'lPow': 0.65, 'time': 1683167633.2113}",2023-05-03 19:33:53.215057+00:00,500.4742563561665 499.86174221481247
"{'mot': [53, 0, 0.715345, 0.375, 0.3125, -0.5, 1.000015, 0.156252, -0.187503, -76.563667, -20.304768, 38.281834], 'time': 1683167633.2269}",2023-05-03 19:33:53.254016+00:00,500.4742563561665 499.86174221481247
"{'mot': [54, 0, 0.75745, 0.078125, 0.625, -0.171875, 1.000015, 0.156252, -0.187503, -76.563667, -18.27429, 38.281834], 'time': 1683167633.2426}",2023-05-03 19:33:53.254214+00:00,500.4742563561665 499.86174221481247
"{'eyeAct': 'neutral', 'uAct': 'frown', 'uPow': 1.0, 'lAct': 'smile', 'lPow': 0.65, 'time': 1683167633.2426}",2023-05-03 19:33:53.254335+00:00,500.4742563561665 499.86174221481247
"{'mot': [55, 0, 0.826059, 0.3125, 0.234375, -0.40625, 0.968765, 0.156252, -0.187503, -76.563667, -16.446861, 38.281834], 'time': 1683167633.2582}",2023-05-03 19:33:53.294371+00:00,500.4742563561665 499.86174221481247
"{'mot': [56, 0, 0.752275, 0.234375, 0.5, -0.359375, 1.000015, 0.156252, -0.218753, -76.563667, -14.802175, 38.281834], 'time': 1683167633.2738}",2023-05-03 19:33:53.294525+00:00,500.4742563561665 499.86174221481247
"{'mot': [57, 0, 0.741982, 0.125, 0.609375, -0.25, 1.000015, 0.156252, -0.187503, -76.563667, -13.321958, 38.281834], 'time': 1683167633.2894}",2023-05-03 19:33:53.294633+00:00,500.4742563561665 499.86174221481247
"{'eyeAct': 'neutral', 'uAct': 'frown', 'uPow': 1.0, 'lAct': 'smile', 'lPow': 0.65, 'time': 1683167633.2738}",2023-05-03 19:33:53.294766+00:00,500.4742563561665 499.86174221481247
"{'mot': [58, 0, 0.622456, 0.421875, 0.34375, -0.5625, 1.000015, 0.156252, -0.187503, -76.563667, -11.989761, 38.281834], 'time': 1683167633.3051}",2023-05-03 19:33:53.314222+00:00,500.4742563561665 499.86174221481247
"{'pow': [5.235, 9.921, 3.636, 1.51, 0.654, 3.735, 1.572, 0.722, 0.489, 0.185, 9.115, 9.303, 3.299, 1.755, 0.573, 5.192, 9.508, 2.928, 2.072, 0.462, 4.375, 12.261, 2.384, 1.83, 0.407], 'time': 1683167633.3051}",2023-05-03 19:33:53.314404+00:00,500.4742563561665 499.86174221481247
"{'eyeAct': 'neutral', 'uAct': 'frown', 'uPow': 1.0, 'lAct': 'smile', 'lPow': 0.65, 'time': 1683167633.3051}",2023-05-03 19:33:53.314509+00:00,500.4742563561665 499.86174221481247
"{'mot': [59, 0, 0.919887, -0.015625, 0.390625, -0.03125, 1.000015, 0.156252, -0.218753, -76.563667, -14.618969, 38.281834], 'time': 1683167633.3207}",2023-05-03 19:33:53.354501+00:00,500.4742563561665 499.86174221481247
"{'mot': [60, 0, 0.764987, 0.203125, 0.515625, -0.328125, 0.968765, 0.156252, -0.187503, -76.563667, -13.157072, 38.281834], 'time': 1683167633.3363}",2023-05-03 19:33:53.354637+00:00,500.4742563561665 499.86174221481247
"{'mot': [61, 0, 0.638334, 0.296875, 0.546875, -0.453125, 1.000015, 0.156252, -0.218753, -76.563667, -15.669548, 38.281834], 'time': 1683167633.3519}",2023-05-03 19:33:53.354746+00:00,500.4742563561665 499.86174221481247
"{'eyeAct': 'neutral', 'uAct': 'frown', 'uPow': 1.0, 'lAct': 'smile', 'lPow': 0.65, 'time': 1683167633.3363}",2023-05-03 19:33:53.354832+00:00,500.4742563561665 499.86174221481247
"{'mot': [62, 0, 0.772766, 0.015625, 0.625, -0.109375, 1.000015, 0.156252, -0.187503, -76.563667, -14.102593, 38.281834], 'time': 1683167633.3676}",2023-05-03 19:33:53.394079+00:00,500.4742563561665 499.86174221481247
"{'mot': [63, 0, 0.991418, 0.078125, 0.046875, -0.09375, 1.000015, 0.156252, -0.218753, -76.563667, -16.520517, 38.281834], 'time': 1683167633.3832}",2023-05-03 19:33:53.394211+00:00,500.4742563561665 499.86174221481247
"{'eyeAct': 'neutral', 'uAct': 'frown', 'uPow': 1.0, 'lAct': 'smile', 'lPow': 0.65, 'time': 1683167633.3676}",2023-05-03 19:33:53.394298+00:00,500.4742563561665 499.86174221481247
"{'mot': [0, 0, 0.976531, 0.140625, 0.046875, -0.15625, 1.000015, 0.156252, -0.187503, -76.563667, -18.69665, 38.281834], 'time': 1683167633.3988}",2023-05-03 19:33:53.434124+00:00,500.4742563561665 499.86174221481247
"{'mot': [1, 0, 0.950688, 0.1875, 0.078125, -0.234375, 0.968765, 0.125002, -0.187503, -76.563667, -20.655169, 38.281834], 'time': 1683167633.4144}",2023-05-03 19:33:53.434250+00:00,500.4742563561665 499.86174221481247
"{'mot': [2, 0, 0.991418, 0.078125, 0.046875, -0.09375, 1.000015, 0.156252, -0.218753, -76.563667, -18.589651, 38.281834], 'time': 1683167633.4301}",2023-05-03 19:33:53.434351+00:00,500.4742563561665 499.86174221481247
"{'pow': [4.974, 10.537, 3.142, 1.16, 0.565, 2.772, 1.29, 0.72, 0.485, 0.176, 9.262, 10.865, 2.205, 1.298, 0.486, 4.282, 9.087, 1.782, 1.453, 0.368, 4.342, 13.505, 1.954, 1.358, 0.346], 'time': 1683167633.4301}",2023-05-03 19:33:53.434470+00:00,500.4742563561665 499.86174221481247
"{'signal': 1.0, 'dev': [4, 4, 4, 4, 4, 100], 'batteryPercent': 80, 'time': 1683167633.4301}",2023-05-03 19:33:53.434550+00:00,500.4742563561665 499.86174221481247
"{'eyeAct': 'neutral', 'uAct': 'frown', 'uPow': 1.0, 'lAct': 'smile', 'lPow': 0.65, 'time': 1683167633.3988}",2023-05-03 19:33:53.434626+00:00,500.4742563561665 499.86174221481247
"{'eyeAct': 'neutral', 'uAct': 'frown', 'uPow': 1.0, 'lAct': 'smile', 'lPow': 0.65, 'time': 1683167633.4301}",2023-05-03 19:33:53.434700+00:00,500.4742563561665 499.86174221481247
"{'mot': [3, 0, 0.950688, 0.1875, 0.078125, -0.234375, 0.968765, 0.125002, -0.187503, -76.563667, -20.558868, 38.281834], 'time': 1683167633.4457}",2023-05-03 19:33:53.473595+00:00,500.4742563561665 499.86174221481247
"{'mot': [4, 0, 0.897044, 0.25, 0.1875, -0.3125, 0.968765, 0.156252, -0.187503, -76.563667, -18.502983, 38.281834], 'time': 1683167633.4613}",2023-05-03 19:33:53.473734+00:00,500.4742563561665 499.86174221481247
"{'eyeAct': 'neutral', 'uAct': 'frown', 'uPow': 1.0, 'lAct': 'smile', 'lPow': 0.65, 'time': 1683167633.4613}",2023-05-03 19:33:53.473820+00:00,500.4742563561665 499.86174221481247
"{'mot': [5, 0, 0.832242, 0.203125, 0.421875, -0.296875, 0.968765, 0.156252, -0.187503, -76.563667, -16.652683, 38.281834], 'time': 1683167633.4769}",2023-05-03 19:33:53.494091+00:00,500.4742563561665 499.86174221481247
"{'mot': [6, 0, 0.782967, 0.125, 0.5625, -0.234375, 1.000015, 0.156252, -0.218753, -76.563667, -14.987415, 38.281834], 'time': 1683167633.4926}",2023-05-03 19:33:53.494271+00:00,500.4742563561665 499.86174221481247
"{'eyeAct': 'neutral', 'uAct': 'frown', 'uPow': 1.0, 'lAct': 'smile', 'lPow': 0.65, 'time': 1683167633.4926}",2023-05-03 19:33:53.494389+00:00,500.4742563561665 499.86174221481247
"{'mot': [7, 0, 0.49534, 0.453125, 0.421875, -0.609375, 1.000015, 0.156252, -0.187503, -76.563667, -13.488674, 38.281834], 'time': 1683167633.5082}",2023-05-03 19:33:53.533518+00:00,500.4742563561665 499.86174221481247
"{'mot': [8, 0, 0.936458, -0.0625, 0.34375, 0.03125, 0.968765, 0.156252, -0.187503, -76.563667, -15.96799, 38.281834], 'time': 1683167633.5238}",2023-05-03 19:33:53.533647+00:00,500.4742563561665 499.86174221481247
"{'eyeAct': 'neutral', 'uAct': 'frown', 'uPow': 1.0, 'lAct': 'smile', 'lPow': 0.65, 'time': 1683167633.5238}",2023-05-03 19:33:53.533730+00:00,500.4742563561665 499.86174221481247
"{'mot': [9, 0, 0.86122, 0.0625, 0.484375, -0.140625, 0.968765, 0.156252, -0.187503, -76.563667, -18.199375, 38.281834], 'time': 1683167633.5394}",2023-05-03 19:33:53.574575+00:00,500.4742563561665 499.86174221481247
"{'mot': [10, 0, 0.461136, 0.453125, 0.4375, -0.625, 0.968765, 0.156252, -0.218753, -76.563667, -16.379436, 38.281834], 'time': 1683167633.5551}",2023-05-03 19:33:53.574739+00:00,500.4742563561665 499.86174221481247
"{'mot': [11, 0, 0.892131, -0.09375, 0.4375, 0.0625, 0.968765, 0.156252, -0.187503, -76.563667, -18.569677, 38.281834], 'time': 1683167633.5707}",2023-05-03 19:33:53.574863+00:00,500.4742563561665 499.86174221481247
"{'pow': [4.821, 11.563, 2.691, 0.927, 0.502, 2.0, 1.009, 0.72, 0.483, 0.168, 10.246, 13.817, 1.439, 1.041, 0.435, 4.045, 8.887, 1.149, 0.998, 0.306, 4.7, 15.205, 1.653, 1.071, 0.311], 'time': 1683167633.5551}",2023-05-03 19:33:53.575006+00:00,500.4742563561665 499.86174221481247
"{'eyeAct': 'neutral', 'uAct': 'frown', 'uPow': 1.0, 'lAct': 'smile', 'lPow': 0.65, 'time': 1683167633.5551}",2023-05-03 19:33:53.575103+00:00,500.4742563561665 499.86174221481247
"{'mot': [12, 0, 0.635651, 0.296875, 0.5625, -0.4375, 1.000015, 0.156252, -0.187503, -76.563667, -20.540892, 38.281834], 'time': 1683167633.5863}",2023-05-03 19:33:53.614011+00:00,500.4742563561665 499.86174221481247
"{'mot': [13, 0, 0.72467, 0.15625, 0.609375, -0.28125, 0.968765, 0.156252, -0.187503, -76.563667, -18.486803, 38.281834], 'time': 1683167633.6019}",2023-05-03 19:33:53.614154+00:00,500.4742563561665 499.86174221481247
"{'eyeAct': 'neutral', 'uAct': 'frown', 'uPow': 1.0, 'lAct': 'smile', 'lPow': 0.65, 'time': 1683167633.5863}",2023-05-03 19:33:53.614242+00:00,500.4742563561665 499.86174221481247
"{'mot': [14, 0, 0.561631, 0.4375, 0.375, -0.59375, 0.968765, 0.156252, -0.218753, -76.563667, -20.466307, 38.281834], 'time': 1683167633.6176}",2023-05-03 19:33:53.634475+00:00,500.4742563561665 499.86174221481247
"{'mot': [15, 0, 0.98994, -0.015625, 0.140625, 0.0, 0.968765, 0.156252, -0.187503, -76.563667, -22.24786, 38.281834], 'time': 1683167633.6332}",2023-05-03 19:33:53.634606+00:00,500.4742563561665 499.86174221481247
"{'eyeAct': 'neutral', 'uAct': 'frown', 'uPow': 1.0, 'lAct': 'smile', 'lPow': 0.65, 'time': 1683167633.6176}",2023-05-03 19:33:53.634689+00:00,500.4742563561665 499.86174221481247
"{'mot': [16, 0, 0.975155, -0.0625, 0.203125, 0.0625, 1.000015, 0.156252, -0.187503, -76.563667, -23.851257, 38.281834], 'time': 1683167633.6488}",2023-05-03 19:33:53.673940+00:00,500.4742563561665 499.86174221481247
"{'mot': [17, 0, 0.949275, -0.03125, 0.3125, -0.015625, 1.000015, 0.156252, -0.187503, -76.563667, -25.294313, 38.281834], 'time': 1683167633.6644}",2023-05-03 19:33:53.674087+00:00,500.4742563561665 499.86174221481247
"{'eyeAct': 'neutral', 'uAct': 'frown', 'uPow': 1.0, 'lAct': 'smile', 'lPow': 0.65, 'time': 1683167633.6488}",2023-05-03 19:33:53.674179+00:00,500.4742563561665 499.86174221481247
"{'mot': [18, 0, 0.82783, 0.1875, 0.4375, -0.296875, 1.000015, 0.156252, -0.187503, -76.563667, -26.593067, 38.281834], 'time': 1683167633.6801}",2023-05-03 19:33:53.714866+00:00,500.4742563561665 499.86174221481247
"{'mot': [19, 0, 0.699993, 0.28125, 0.515625, -0.40625, 0.968765, 0.156252, -0.187503, -76.563667, -23.93376, 38.281834], 'time': 1683167633.6957}",2023-05-03 19:33:53.715060+00:00,500.4742563561665 499.86174221481247
"{'mot': [20, 0, 0.753734, 0.078125, 0.625, -0.1875, 0.968765, 0.156252, -0.187503, -76.563667, -21.540384, 38.281834], 'time': 1683167633.7113}",2023-05-03 19:33:53.715271+00:00,500.4742563561665 499.86174221481247
"{'pow': [4.746, 12.786, 2.428, 0.836, 0.473, 1.558, 0.798, 0.754, 0.477, 0.162, 11.994, 18.267, 1.133, 1.015, 0.412, 4.514, 9.03, 1.04, 0.811, 0.282, 5.562, 17.134, 1.501, 0.977, 0.308], 'time': 1683167633.6801}",2023-05-03 19:33:53.715519+00:00,500.4742563561665 499.86174221481247
"{'eyeAct': 'neutral', 'uAct': 'frown', 'uPow': 1.0, 'lAct': 'smile', 'lPow': 0.65, 'time': 1683167633.6801}",2023-05-03 19:33:53.715696+00:00,500.4742563561665 499.86174221481247
"{'eyeAct': 'neutral', 'uAct': 'frown', 'uPow': 1.0, 'lAct': 'smile', 'lPow': 0.65, 'time': 1683167633.7113}",2023-05-03 19:33:53.715855+00:00,500.4742563561665 499.86174221481247
"{'mot': [21, 0, 0.921213, 0.21875, 0.15625, -0.28125, 1.000015, 0.156252, -0.187503, -76.563667, -19.386345, 38.281834], 'time': 1683167633.7269}",2023-05-03 19:33:53.754255+00:00,500.4742563561665 499.86174221481247
"{'mot': [22, 0, 0.847215, 0.28125, 0.25, -0.375, 1.000015, 0.156252, -0.187503, -76.563667, -17.44771, 38.281834], 'time': 1683167633.7426}",2023-05-03 19:33:53.754521+00:00,500.4742563561665 499.86174221481247
"{'eyeAct': 'neutral', 'uAct': 'frown', 'uPow': 1.0, 'lAct': 'smile', 'lPow': 0.65, 'time': 1683167633.7426}",2023-05-03 19:33:53.754673+00:00,500.4742563561665 499.86174221481247
"{'mot': [23, 0, 0.782967, 0.125, 0.5625, -0.234375, 0.968765, 0.156252, -0.187503, -76.563667, -15.70294, 38.281834], 'time': 1683167633.7582}",2023-05-03 19:33:53.774540+00:00,500.4742563561665 499.86174221481247
"{'mot': [24, 0, 0.515862, 0.40625, 0.484375, -0.578125, 0.968765, 0.156252, -0.187503, -76.563667, -14.132646, 38.281834], 'time': 1683167633.7738}",2023-05-03 19:33:53.774712+00:00,500.4742563561665 499.86174221481247
"{'eyeAct': 'neutral', 'uAct': 'frown', 'uPow': 1.0, 'lAct': 'smile', 'lPow': 0.65, 'time': 1683167633.7738}",2023-05-03 19:33:53.774831+00:00,500.4742563561665 499.86174221481247
"{'mot': [25, 0, 0.997923, 0.0, 0.0625, 0.015625, 0.968765, 0.156252, -0.187503, -76.563667, -12.719381, 38.281834], 'time': 1683167633.7894}",2023-05-03 19:33:53.814676+00:00,500.4742563561665 499.86174221481247
"{'mot': [26, 0, 0.994001, -0.03125, 0.09375, 0.046875, 1.000015, 0.156252, -0.218753, -76.563667, -15.275626, 38.281834], 'time': 1683167633.8051}",2023-05-03 19:33:53.814858+00:00,500.4742563561665 499.86174221481247
"{'pow': [4.698, 13.916, 2.396, 0.876, 0.468, 1.411, 0.708, 0.834, 0.462, 0.158, 13.984, 23.639, 1.268, 1.173, 0.398, 5.579, 9.464, 1.293, 0.902, 0.29, 6.899, 18.934, 1.46, 1.015, 0.334], 'time': 1683167633.8051}",2023-05-03 19:33:53.815035+00:00,500.4742563561665 499.86174221481247
"{'eyeAct': 'neutral', 'uAct': 'frown', 'uPow': 1.0, 'lAct': 'smile', 'lPow': 0.65, 'time': 1683167633.8051}",2023-05-03 19:33:53.815144+00:00,500.4742563561665 499.86174221481247
"{'mot': [27, 0, 0.98611, -0.0625, 0.140625, 0.0625, 1.000015, 0.156252, -0.218753, -76.563667, -17.576248, 38.281834], 'time': 1683167633.8207}",2023-05-03 19:33:53.854357+00:00,500.4742563561665 499.86174221481247
"{'mot': [28, 0, 0.975155, -0.0625, 0.203125, 0.0625, 1.000015, 0.156252, -0.218753, -76.563667, -15.818623, 38.281834], 'time': 1683167633.8363}",2023-05-03 19:33:53.854515+00:00,500.4742563561665 499.86174221481247
"{'mot': [29, 0, 0.943988, -0.015625, 0.328125, -0.03125, 0.968765, 0.156252, -0.187503, -76.563667, -18.064943, 38.281834], 'time': 1683167633.8519}",2023-05-03 19:33:53.854645+00:00,500.4742563561665 499.86174221481247
"{'eyeAct': 'neutral', 'uAct': 'frown', 'uPow': 1.0, 'lAct': 'smile', 'lPow': 0.65, 'time': 1683167633.8363}",2023-05-03 19:33:53.854738+00:00,500.4742563561665 499.86174221481247
"{'mot': [30, 0, 0.808131, 0.21875, 0.4375, -0.328125, 0.968765, 0.156252, -0.187503, -76.563667, -20.086634, 38.281834], 'time': 1683167633.8676}",2023-05-03 19:33:53.894521+00:00,500.4742563561665 499.86174221481247
"{'mot': [31, 0, 0.731377, 0.21875, 0.546875, -0.34375, 1.000015, 0.156252, -0.187503, -76.563667, -18.077969, 38.281834], 'time': 1683167633.8832}",2023-05-03 19:33:53.894659+00:00,500.4742563561665 499.86174221481247
"{'eyeAct': 'neutral', 'uAct': 'frown', 'uPow': 1.0, 'lAct': 'smile', 'lPow': 0.65, 'time': 1683167633.8676}",2023-05-03 19:33:53.894750+00:00,500.4742563561665 499.86174221481247
"{'mot': [32, 0, 0.655878, 0.265625, 0.578125, -0.40625, 0.968765, 0.156252, -0.218753, -76.563667, -20.098356, 38.281834], 'time': 1683167633.8988}",2023-05-03 19:33:53.935066+00:00,500.4742563561665 499.86174221481247
"{'mot': [33, 0, 0.714833, 0.171875, 0.609375, -0.296875, 1.000015, 0.156252, -0.187503, -76.563667, -21.916704, 38.281834], 'time': 1683167633.9144}",2023-05-03 19:33:53.935206+00:00,500.4742563561665 499.86174221481247
"{'mot': [34, 0, 0.731377, 0.21875, 0.546875, -0.34375, 1.000015, 0.156252, -0.187503, -76.563667, -19.725033, 38.281834], 'time': 1683167633.9301}",2023-05-03 19:33:53.935324+00:00,500.4742563561665 499.86174221481247
"{'pow': [4.673, 14.756, 2.559, 1.012, 0.468, 1.443, 0.753, 0.95, 0.443, 0.16, 15.493, 28.733, 1.725, 1.42, 0.382, 6.982, 10.064, 1.71, 1.191, 0.314, 8.54, 20.345, 1.502, 1.103, 0.379], 'time': 1683167633.9301}",2023-05-03 19:33:53.935458+00:00,500.4742563561665 499.86174221481247
"{'signal': 1.0, 'dev': [4, 4, 4, 4, 4, 100], 'batteryPercent': 80, 'time': 1683167633.9301}",2023-05-03 19:33:53.935551+00:00,500.4742563561665 499.86174221481247
"{'eyeAct': 'neutral', 'uAct': 'frown', 'uPow': 1.0, 'lAct': 'smile', 'lPow': 0.65, 'time': 1683167633.8988}",2023-05-03 19:33:53.935639+00:00,500.4742563561665 499.86174221481247
"{'eyeAct': 'neutral', 'uAct': 'frown', 'uPow': 1.0, 'lAct': 'smile', 'lPow': 0.65, 'time': 1683167633.9301}",2023-05-03 19:33:53.935722+00:00,500.4742563561665 499.86174221481247
"{'mot': [35, 0, 0.714833, 0.171875, 0.609375, -0.296875, 1.000015, 0.156252, -0.187503, -76.563667, -21.580713, 38.281834], 'time': 1683167633.9457}",2023-05-03 19:33:53.974037+00:00,500.4742563561665 499.86174221481247
"{'mot': [36, 0, 0.527329, 0.4375, 0.421875, -0.59375, 1.000015, 0.156252, -0.187503, -76.563667, -19.422642, 38.281834], 'time': 1683167633.9613}",2023-05-03 19:33:53.974178+00:00,500.4742563561665 499.86174221481247
"{'eyeAct': 'neutral', 'uAct': 'frown', 'uPow': 1.0, 'lAct': 'smile', 'lPow': 0.65, 'time': 1683167633.9613}",2023-05-03 19:33:53.974269+00:00,500.4742563561665 499.86174221481247
"{'mot': [37, 0, 0.996821, 0.0, 0.078125, 0.015625, 1.000015, 0.156252, -0.187503, -76.563667, -17.480377, 38.281834], 'time': 1683167633.9769}",2023-05-03 19:33:53.994570+00:00,500.4742563561665 499.86174221481247
"{'mot': [38, 0, 0.994001, -0.03125, 0.09375, 0.046875, 1.000015, 0.156252, -0.187503, -76.563667, -15.73234, 38.281834], 'time': 1683167633.9926}",2023-05-03 19:33:53.994704+00:00,500.4742563561665 499.86174221481247
"{'eyeAct': 'neutral', 'uAct': 'frown', 'uPow': 1.0, 'lAct': 'smile', 'lPow': 0.65, 'time': 1683167633.9926}",2023-05-03 19:33:53.994789+00:00,500.4742563561665 499.86174221481247
"{'mot': [39, 0, 0.98611, -0.0625, 0.140625, 0.0625, 1.000015, 0.156252, -0.187503, -76.563667, -14.159106, 38.281834], 'time': 1683167634.0082}",2023-05-03 19:33:54.033944+00:00,500.4742563561665 499.86174221481247
"{'mot': [40, 0, 0.97177, -0.0625, 0.21875, 0.0625, 1.000015, 0.156252, -0.187503, -76.563667, -12.743196, 38.281834], 'time': 1683167634.0238}",2023-05-03 19:33:54.034090+00:00,500.4742563561665 499.86174221481247
"{'eyeAct': 'neutral', 'uAct': 'frown', 'uPow': 1.0, 'lAct': 'smile', 'lPow': 0.65, 'time': 1683167634.0238}",2023-05-03 19:33:54.034201+00:00,500.4742563561665 499.86174221481247
"{'mot': [41, 0, 0.937891, 0.0, 0.34375, -0.046875, 1.000015, 0.156252, -0.187503, -76.563667, -15.297059, 38.281834], 'time': 1683167634.0394}",2023-05-03 19:33:54.073955+00:00,500.4742563561665 499.86174221481247
"{'mot': [42, 0, 0.769125, 0.25, 0.453125, -0.375, 1.000015, 0.156252, -0.187503, -76.563667, -13.767353, 38.281834], 'time': 1683167634.0551}",2023-05-03 19:33:54.074090+00:00,500.4742563561665 499.86174221481247
"{'mot': [43, 0, 0.737526, 0.15625, 0.59375, -0.28125, 0.968765, 0.156252, -0.187503, -76.563667, -12.390618, 38.281834], 'time': 1683167634.0707}",2023-05-03 19:33:54.074195+00:00,500.4742563561665 499.86174221481247
"{'pow': [4.569, 15.173, 2.816, 1.2, 0.461, 1.529, 0.898, 1.055, 0.426, 0.171, 15.827, 32.137, 2.365, 1.655, 0.361, 8.33, 10.644, 2.153, 1.543, 0.344, 10.011, 21.212, 1.615, 1.183, 0.431], 'time': 1683167634.0551}",2023-05-03 19:33:54.074319+00:00,500.4742563561665 499.86174221481247
"{'eyeAct': 'neutral', 'uAct': 'frown', 'uPow': 1.0, 'lAct': 'smile', 'lPow': 0.65, 'time': 1683167634.0551}",2023-05-03 19:33:54.074405+00:00,500.4742563561665 499.86174221481247
"{'mot': [44, 0, 0.499756, 0.421875, 0.46875, -0.59375, 0.968765, 0.156252, -0.187503, -76.563667, -11.151556, 38.281834], 'time': 1683167634.0863}",2023-05-03 19:33:54.114082+00:00,500.4742563561665 499.86174221481247
"{'mot': [45, 0, 0.996699, -0.015625, 0.078125, 0.015625, 1.000015, 0.156252, -0.187503, -76.563667, -10.036401, 38.281834], 'time': 1683167634.1019}",2023-05-03 19:33:54.114224+00:00,500.4742563561665 499.86174221481247
"{'eyeAct': 'neutral', 'uAct': 'frown', 'uPow': 1.0, 'lAct': 'smile', 'lPow': 0.65, 'time': 1683167634.0863}",2023-05-03 19:33:54.114308+00:00,500.4742563561665 499.86174221481247
"{'mot': [46, 0, 0.990926, -0.046875, 0.109375, 0.0625, 0.968765, 0.156252, -0.187503, -76.563667, -12.860944, 38.281834], 'time': 1683167634.1176}",2023-05-03 19:33:54.134536+00:00,500.4742563561665 499.86174221481247
"{'mot': [47, 0, 0.982637, -0.0625, 0.15625, 0.078125, 1.000015, 0.156252, -0.187503, -76.563667, -15.403033, 38.281834], 'time': 1683167634.1332}",2023-05-03 19:33:54.134660+00:00,500.4742563561665 499.86174221481247
"{'eyeAct': 'neutral', 'uAct': 'frown', 'uPow': 1.0, 'lAct': 'smile', 'lPow': 0.65, 'time': 1683167634.1176}",2023-05-03 19:33:54.134741+00:00,500.4742563561665 499.86174221481247
"{'mot': [48, 0, 0.965089, -0.0625, 0.25, 0.046875, 1.000015, 0.156252, -0.187503, -76.563667, -17.690912, 38.281834], 'time': 1683167634.1488}",2023-05-03 19:33:54.174055+00:00,500.4742563561665 499.86174221481247
"{'mot': [49, 0, 0.907596, 0.0625, 0.390625, -0.140625, 1.000015, 0.156252, -0.187503, -76.563667, -19.750006, 38.281834], 'time': 1683167634.1644}",2023-05-03 19:33:54.174180+00:00,500.4742563561665 499.86174221481247
"{'eyeAct': 'neutral', 'uAct': 'frown', 'uPow': 1.0, 'lAct': 'smile', 'lPow': 0.65, 'time': 1683167634.1488}",2023-05-03 19:33:54.174262+00:00,500.4742563561665 499.86174221481247
"{'mot': [50, 0, 0.664751, 0.34375, 0.453125, -0.484375, 1.000015, 0.156252, -0.187503, -76.563667, -21.603188, 38.281834], 'time': 1683167634.1801}",2023-05-03 19:33:54.214168+00:00,500.4742563561665 499.86174221481247
"{'mot': [51, 0, 0.802675, -0.03125, 0.59375, -0.046875, 0.968765, 0.156252, -0.187503, -76.563667, -19.442869, 38.281834], 'time': 1683167634.1957}",2023-05-03 19:33:54.214291+00:00,500.4742563561665 499.86174221481247
"{'mot': [52, 0, 0.98301, 0.109375, 0.078125, -0.125, 1.000015, 0.156252, -0.187503, -76.563667, -17.498583, 38.281834], 'time': 1683167634.2113}",2023-05-03 19:33:54.214431+00:00,500.4742563561665 499.86174221481247
"{'pow': [4.301, 15.093, 2.977, 1.381, 0.443, 1.542, 1.091, 1.1, 0.417, 0.19, 14.77, 33.018, 2.996, 1.778, 0.34, 9.192, 11.045, 2.461, 1.81, 0.364, 10.791, 21.462, 1.731, 1.22, 0.476], 'time': 1683167634.1801}",2023-05-03 19:33:54.214549+00:00,500.4742563561665 499.86174221481247
"{'eyeAct': 'neutral', 'uAct': 'frown', 'uPow': 1.0, 'lAct': 'smile', 'lPow': 0.65, 'time': 1683167634.1801}",2023-05-03 19:33:54.214629+00:00,500.4742563561665 499.86174221481247
"{'eyeAct': 'neutral', 'uAct': 'frown', 'uPow': 1.0, 'lAct': 'smile', 'lPow': 0.65, 'time': 1683167634.2113}",2023-05-03 19:33:54.214701+00:00,500.4742563561665 499.86174221481247
"{'mot': [53, 0, 0.954405, 0.1875, 0.078125, -0.21875, 1.000015, 0.156252, -0.187503, -76.563667, -19.576908, 38.281834], 'time': 1683167634.2269}",2023-05-03 19:33:54.254603+00:00,500.4742563561665 499.86174221481247
"{'mot': [54, 0, 0.907192, 0.234375, 0.15625, -0.3125, 1.000015, 0.156252, -0.187503, -76.563667, -17.619217, 38.281834], 'time': 1683167634.2426}",2023-05-03 19:33:54.254769+00:00,500.4742563561665 499.86174221481247
"{'eyeAct': 'neutral', 'uAct': 'frown', 'uPow': 1.0, 'lAct': 'smile', 'lPow': 0.65, 'time': 1683167634.2426}",2023-05-03 19:33:54.254873+00:00,500.4742563561665 499.86174221481247
"{'mot': [55, 0, 0.838962, 0.21875, 0.375, -0.328125, 1.000015, 0.156252, -0.187503, -76.563667, -15.857295, 38.281834], 'time': 1683167634.2582}",2023-05-03 19:33:54.294051+00:00,500.4742563561665 499.86174221481247
"{'mot': [56, 0, 0.790261, 0.078125, 0.578125, -0.1875, 1.000015, 0.156252, -0.218753, -76.563667, -14.271565, 38.281834], 'time': 1683167634.2738}",2023-05-03 19:33:54.294206+00:00,500.4742563561665 499.86174221481247
"{'mot': [57, 0, 0.571755, 0.4375, 0.359375, -0.59375, 1.000015, 0.156252, -0.218753, -76.563667, -12.844409, 38.281834], 'time': 1683167634.2894}",2023-05-03 19:33:54.294335+00:00,500.4742563561665 499.86174221481247
"{'eyeAct': 'neutral', 'uAct': 'frown', 'uPow': 1.0, 'lAct': 'smile', 'lPow': 0.65, 'time': 1683167634.2738}",2023-05-03 19:33:54.294441+00:00,500.4742563561665 499.86174221481247
"{'mot': [58, 0, 0.963823, -0.015625, 0.265625, -0.015625, 1.000015, 0.156252, -0.187503, -76.563667, -11.559968, 38.281834], 'time': 1683167634.3051}",2023-05-03 19:33:54.314829+00:00,500.4742563561665 499.86174221481247
"{'pow': [3.856, 14.465, 2.898, 1.486, 0.418, 1.436, 1.279, 1.066, 0.413, 0.215, 12.491, 31.42, 3.439, 1.726, 0.323, 9.249, 11.131, 2.522, 1.898, 0.365, 10.515, 20.999, 1.791, 1.192, 0.5], 'time': 1683167634.3051}",2023-05-03 19:33:54.315019+00:00,500.4742563561665 499.86174221481247
"{'eyeAct': 'neutral', 'uAct': 'frown', 'uPow': 1.0, 'lAct': 'smile', 'lPow': 0.65, 'time': 1683167634.3051}",2023-05-03 19:33:54.315126+00:00,500.4742563561665 499.86174221481247
"{'mot': [59, 0, 0.926366, -0.015625, 0.375, -0.03125, 0.968765, 0.156252, -0.187503, -76.563667, -10.403972, 38.281834], 'time': 1683167634.3207}",2023-05-03 19:33:54.354236+00:00,500.4742563561665 499.86174221481247
"{'mot': [60, 0, 0.571755, 0.4375, 0.359375, -0.59375, 1.000015, 0.156252, -0.218753, -76.563667, -9.363574, 38.281834], 'time': 1683167634.3363}",2023-05-03 19:33:54.354389+00:00,500.4742563561665 499.86174221481247
"{'mot': [61, 0, 0.72197, 0.28125, 0.484375, -0.40625, 0.968765, 0.187503, -0.187503, -76.563667, -8.427217, 38.281834], 'time': 1683167634.3519}",2023-05-03 19:33:54.354566+00:00,500.4742563561665 499.86174221481247
"{'eyeAct': 'neutral', 'uAct': 'frown', 'uPow': 1.0, 'lAct': 'smile', 'lPow': 0.65, 'time': 1683167634.3363}",2023-05-03 19:33:54.354712+00:00,500.4742563561665 499.86174221481247
"{'mot': [62, 0, 0.736533, 0.109375, 0.625, -0.234375, 0.968765, 0.156252, -0.187503, -76.563667, -11.412679, 38.281834], 'time': 1683167634.3676}",2023-05-03 19:33:54.393647+00:00,500.4742563561665 499.86174221481247
"{'mot': [63, 0, 0.728199, 0.375, 0.28125, -0.5, 0.968765, 0.156252, -0.187503, -76.563667, -10.271411, 38.281834], 'time': 1683167634.3832}",2023-05-03 19:33:54.393793+00:00,500.4742563561665 499.86174221481247
"{'eyeAct': 'neutral', 'uAct': 'frown', 'uPow': 1.0, 'lAct': 'smile', 'lPow': 0.65, 'time': 1683167634.3676}",2023-05-03 19:33:54.393894+00:00,500.4742563561665 499.86174221481247
"{'mot': [0, 0, 0.747881, 0.09375, 0.625, -0.203125, 0.968765, 0.156252, -0.218753, -76.563667, -13.072453, 38.281834], 'time': 1683167634.3988}",2023-05-03 19:33:54.434825+00:00,500.4742563561665 499.86174221481247
"{'mot': [1, 0, 0.72197, 0.375, 0.296875, -0.5, 1.000015, 0.156252, -0.187503, -76.563667, -15.593391, 38.281834], 'time': 1683167634.4144}",2023-05-03 19:33:54.434955+00:00,500.4742563561665 499.86174221481247
"{'mot': [2, 0, 0.753734, 0.078125, 0.625, -0.1875, 1.000015, 0.156252, -0.187503, -76.563667, -17.862236, 38.281834], 'time': 1683167634.4301}",2023-05-03 19:33:54.435062+00:00,500.4742563561665 499.86174221481247
"{'pow': [3.288, 13.228, 2.541, 1.472, 0.39, 1.238, 1.42, 0.976, 0.404, 0.237, 9.644, 28.126, 3.586, 1.509, 0.311, 8.539, 10.782, 2.29, 1.796, 0.343, 9.19, 19.669, 1.751, 1.1, 0.5], 'time': 1683167634.4301}",2023-05-03 19:33:54.435192+00:00,500.4742563561665 499.86174221481247
"{'signal': 1.0, 'dev': [4, 4, 4, 4, 4, 100], 'batteryPercent': 80, 'time': 1683167634.4301}",2023-05-03 19:33:54.435279+00:00,500.4742563561665 499.86174221481247
"{'eyeAct': 'neutral', 'uAct': 'frown', 'uPow': 1.0, 'lAct': 'smile', 'lPow': 0.65, 'time': 1683167634.3988}",2023-05-03 19:33:54.435363+00:00,500.4742563561665 499.86174221481247
"{'eyeAct': 'neutral', 'uAct': 'frown', 'uPow': 1.0, 'lAct': 'smile', 'lPow': 0.65, 'time': 1683167634.4301}",2023-05-03 19:33:54.435444+00:00,500.4742563561665 499.86174221481247
"{'mot': [3, 0, 0.812049, 0.328125, 0.234375, -0.421875, 1.000015, 0.156252, -0.187503, -76.563667, -16.076012, 38.281834], 'time': 1683167634.4457}",2023-05-03 19:33:54.473929+00:00,500.4742563561665 499.86174221481247
"{'mot': [4, 0, 0.735869, 0.203125, 0.546875, -0.34375, 0.968765, 0.156252, -0.187503, -76.563667, -14.46841, 38.281834], 'time': 1683167634.4613}",2023-05-03 19:33:54.474073+00:00,500.4742563561665 499.86174221481247
"{'eyeAct': 'neutral', 'uAct': 'frown', 'uPow': 1.0, 'lAct': 'smile', 'lPow': 0.65, 'time': 1683167634.4613}",2023-05-03 19:33:54.474175+00:00,500.4742563561665 499.86174221481247
"{'mot': [5, 0, 0.6859, 0.21875, 0.59375, -0.359375, 0.968765, 0.156252, -0.187503, -76.563667, -13.021569, 38.281834], 'time': 1683167634.4769}",2023-05-03 19:33:54.494196+00:00,500.4742563561665 499.86174221481247
"{'mot': [6, 0, 0.598868, 0.328125, 0.546875, -0.484375, 0.968765, 0.156252, -0.218753, -76.563667, -11.719413, 38.281834], 'time': 1683167634.4926}",2023-05-03 19:33:54.494323+00:00,500.4742563561665 499.86174221481247
"{'eyeAct': 'neutral', 'uAct': 'frown', 'uPow': 1.0, 'lAct': 'smile', 'lPow': 0.65, 'time': 1683167634.4926}",2023-05-03 19:33:54.494405+00:00,500.4742563561665 499.86174221481247
"{'mot': [7, 0, 0.824876, -0.046875, 0.5625, -0.03125, 1.000015, 0.187503, -0.187503, -76.563667, -10.547471, 38.281834], 'time': 1683167634.5082}",2023-05-03 19:33:54.533985+00:00,500.4742563561665 499.86174221481247
"{'mot': [8, 0, 0.964076, 0.140625, 0.125, -0.1875, 1.000015, 0.156252, -0.187503, -76.563667, -13.320908, 38.281834], 'time': 1683167634.5238}",2023-05-03 19:33:54.534164+00:00,500.4742563561665 499.86174221481247
"{'eyeAct': 'neutral', 'uAct': 'frown', 'uPow': 1.0, 'lAct': 'smile', 'lPow': 0.65, 'time': 1683167634.5238}",2023-05-03 19:33:54.534278+00:00,500.4742563561665 499.86174221481247
"{'mot': [9, 0, 0.914963, 0.234375, 0.140625, -0.296875, 1.000015, 0.156252, -0.187503, -76.563667, -15.817, 38.281834], 'time': 1683167634.5394}",2023-05-03 19:33:54.574730+00:00,500.4742563561665 499.86174221481247
"{'mot': [10, 0, 0.849517, 0.25, 0.3125, -0.34375, 0.968765, 0.156252, -0.218753, -76.563667, -14.2353, 38.281834], 'time': 1683167634.5551}",2023-05-03 19:33:54.574861+00:00,500.4742563561665 499.86174221481247
"{'mot': [11, 0, 0.801457, 0.078125, 0.5625, -0.1875, 0.968765, 0.156252, -0.187503, -76.563667, -12.81177, 38.281834], 'time': 1683167634.5707}",2023-05-03 19:33:54.574960+00:00,500.4742563561665 499.86174221481247
"{'pow': [2.741, 11.476, 2.039, 1.349, 0.367, 0.969, 1.486, 0.881, 0.383, 0.251, 7.089, 24.217, 3.421, 1.206, 0.307, 7.33, 10.028, 1.848, 1.582, 0.31, 7.225, 17.474, 1.654, 0.966, 0.489], 'time': 1683167634.5551}",2023-05-03 19:33:54.575077+00:00,500.4742563561665 499.86174221481247
"{'eyeAct': 'neutral', 'uAct': 'frown', 'uPow': 1.0, 'lAct': 'smile', 'lPow': 0.65, 'time': 1683167634.5551}",2023-05-03 19:33:54.575159+00:00,500.4742563561665 499.86174221481247
"{'mot': [12, 0, 0.508233, 0.453125, 0.40625, -0.609375, 0.968765, 0.156252, -0.187503, -76.563667, -15.358777, 38.281834], 'time': 1683167634.5863}",2023-05-03 19:33:54.614121+00:00,500.4742563561665 499.86174221481247
"{'mot': [13, 0, 0.981643, -0.03125, 0.1875, 0.015625, 0.968765, 0.156252, -0.187503, -76.563667, -17.651083, 38.281834], 'time': 1683167634.6019}",2023-05-03 19:33:54.614278+00:00,500.4742563561665 499.86174221481247
"{'eyeAct': 'neutral', 'uAct': 'frown', 'uPow': 1.0, 'lAct': 'smile', 'lPow': 0.65, 'time': 1683167634.5863}",2023-05-03 19:33:54.614372+00:00,500.4742563561665 499.86174221481247
"{'mot': [14, 0, 0.958871, -0.078125, 0.265625, 0.0625, 1.000015, 0.156252, -0.187503, -76.563667, -15.885974, 38.281834], 'time': 1683167634.6176}",2023-05-03 19:33:54.634452+00:00,500.4742563561665 499.86174221481247
"{'mot': [15, 0, 0.906654, 0.03125, 0.40625, -0.109375, 0.968765, 0.156252, -0.187503, -76.563667, -14.297377, 38.281834], 'time': 1683167634.6332}",2023-05-03 19:33:54.634597+00:00,500.4742563561665 499.86174221481247
"{'eyeAct': 'neutral', 'uAct': 'frown', 'uPow': 1.0, 'lAct': 'smile', 'lPow': 0.65, 'time': 1683167634.6176}",2023-05-03 19:33:54.634720+00:00,500.4742563561665 499.86174221481247
"{'mot': [16, 0, 0.597848, 0.375, 0.46875, -0.53125, 0.968765, 0.156252, -0.218753, -76.563667, -16.695822, 38.281834], 'time': 1683167634.6488}",2023-05-03 19:33:54.673943+00:00,500.4742563561665 499.86174221481247
"{'mot': [17, 0, 0.863767, -0.0625, 0.5, 0.0, 0.968765, 0.156252, -0.187503, -76.563667, -18.854424, 38.281834], 'time': 1683167634.6644}",2023-05-03 19:33:54.674073+00:00,500.4742563561665 499.86174221481247
"{'eyeAct': 'neutral', 'uAct': 'frown', 'uPow': 1.0, 'lAct': 'smile', 'lPow': 0.65, 'time': 1683167634.6488}",2023-05-03 19:33:54.674154+00:00,500.4742563561665 499.86174221481247
"{'mot': [18, 0, 0.906654, 0.03125, 0.40625, -0.109375, 0.968765, 0.156252, -0.187503, -76.563667, -16.968981, 38.281834], 'time': 1683167634.6801}",2023-05-03 19:33:54.713875+00:00,500.4742563561665 499.86174221481247
"{'mot': [19, 0, 0.863767, -0.0625, 0.5, 0.0, 0.968765, 0.156252, -0.187503, -76.563667, -19.100267, 38.281834], 'time': 1683167634.6957}",2023-05-03 19:33:54.714023+00:00,500.4742563561665 499.86174221481247
"{'mot': [20, 0, 0.597439, 0.390625, 0.4375, -0.546875, 1.000015, 0.156252, -0.187503, -76.563667, -17.190241, 38.281834], 'time': 1683167634.7113}",2023-05-03 19:33:54.714159+00:00,500.4742563561665 499.86174221481247
"{'pow': [2.348, 9.527, 1.601, 1.185, 0.358, 0.737, 1.48, 0.834, 0.353, 0.256, 5.576, 20.599, 3.071, 0.933, 0.314, 6.071, 9.034, 1.403, 1.389, 0.286, 5.236, 14.735, 1.653, 0.839, 0.492], 'time': 1683167634.6801}",2023-05-03 19:33:54.714309+00:00,500.4742563561665 499.86174221481247
"{'eyeAct': 'neutral', 'uAct': 'frown', 'uPow': 1.0, 'lAct': 'smile', 'lPow': 0.65, 'time': 1683167634.6801}",2023-05-03 19:33:54.714417+00:00,500.4742563561665 499.86174221481247
"{'eyeAct': 'neutral', 'uAct': 'frown', 'uPow': 1.0, 'lAct': 'smile', 'lPow': 0.65, 'time': 1683167634.7113}",2023-05-03 19:33:54.714498+00:00,500.4742563561665 499.86174221481247
"{'mot': [21, 0, 0.85496, -0.046875, 0.515625, -0.03125, 1.000015, 0.187503, -0.187503, -76.563667, -15.471216, 38.281834], 'time': 1683167634.7269}",2023-05-03 19:33:54.754149+00:00,500.4742563561665 499.86174221481247
"{'mot': [22, 0, 0.571969, 0.40625, 0.4375, -0.5625, 0.968765, 0.156252, -0.218753, -76.563667, -13.924094, 38.281834], 'time': 1683167634.7426}",2023-05-03 19:33:54.754285+00:00,500.4742563561665 499.86174221481247
"{'eyeAct': 'neutral', 'uAct': 'frown', 'uPow': 1.0, 'lAct': 'smile', 'lPow': 0.65, 'time': 1683167634.7426}",2023-05-03 19:33:54.754378+00:00,500.4742563561665 499.86174221481247
"{'mot': [23, 0, 0.905441, -0.046875, 0.421875, 0.0, 1.000015, 0.156252, -0.187503, -76.563667, -12.531685, 38.281834], 'time': 1683167634.7582}",2023-05-03 19:33:54.793926+00:00,500.4742563561665 499.86174221481247
"{'mot': [24, 0, 0.668779, 0.28125, 0.53125, -0.4375, 0.968765, 0.156252, -0.187503, -76.563667, -11.278517, 38.281834], 'time': 1683167634.7738}",2023-05-03 19:33:54.794088+00:00,500.4742563561665 499.86174221481247
"{'mot': [25, 0, 0.728869, 0.125, 0.625, -0.25, 1.000015, 0.156252, -0.187503, -76.563667, -13.978848, 38.281834], 'time': 1683167634.7894}",2023-05-03 19:33:54.794236+00:00,500.4742563561665 499.86174221481247
"{'eyeAct': 'neutral', 'uAct': 'frown', 'uPow': 1.0, 'lAct': 'smile', 'lPow': 0.65, 'time': 1683167634.7738}",2023-05-03 19:33:54.794360+00:00,500.4742563561665 499.86174221481247
"{'mot': [26, 0, 0.690689, 0.390625, 0.296875, -0.53125, 0.968765, 0.156252, -0.187503, -76.563667, -16.409147, 38.281834], 'time': 1683167634.8051}",2023-05-03 19:33:54.814523+00:00,500.4742563561665 499.86174221481247
"{'pow': [2.176, 7.777, 1.38, 1.069, 0.371, 0.589, 1.416, 0.85, 0.323, 0.256, 5.321, 17.723, 2.677, 0.788, 0.333, 5.169, 7.996, 1.154, 1.324, 0.293, 3.736, 12.007, 1.872, 0.777, 0.538], 'time': 1683167634.8051}",2023-05-03 19:33:54.814685+00:00,500.4742563561665 499.86174221481247
"{'eyeAct': 'neutral', 'uAct': 'frown', 'uPow': 1.0, 'lAct': 'smile', 'lPow': 0.65, 'time': 1683167634.8051}",2023-05-03 19:33:54.814782+00:00,500.4742563561665 499.86174221481247
"{'mot': [27, 0, 0.772608, 0.046875, 0.609375, -0.171875, 1.000015, 0.156252, -0.187503, -76.563667, -18.596415, 38.281834], 'time': 1683167634.8207}",2023-05-03 19:33:54.853814+00:00,500.4742563561665 499.86174221481247
"{'mot': [28, 0, 0.740335, 0.359375, 0.296875, -0.484375, 1.000015, 0.156252, -0.187503, -76.563667, -16.736774, 38.281834], 'time': 1683167634.8363}",2023-05-03 19:33:54.853988+00:00,500.4742563561665 499.86174221481247
"{'mot': [29, 0, 0.736533, 0.109375, 0.625, -0.234375, 0.968765, 0.156252, -0.218753, -76.563667, -18.891279, 38.281834], 'time': 1683167634.8519}",2023-05-03 19:33:54.854102+00:00,500.4742563561665 499.86174221481247
"{'eyeAct': 'neutral', 'uAct': 'frown', 'uPow': 1.0, 'lAct': 'smile', 'lPow': 0.65, 'time': 1683167634.8363}",2023-05-03 19:33:54.854198+00:00,500.4742563561665 499.86174221481247
"{'mot': [30, 0, 0.69562, 0.390625, 0.3125, -0.515625, 0.968765, 0.156252, -0.218753, -76.563667, -20.830336, 38.281834], 'time': 1683167634.8676}",2023-05-03 19:33:54.894473+00:00,500.4742563561665 499.86174221481247
"{'mot': [31, 0, 0.778903, 0.046875, 0.609375, -0.140625, 1.000015, 0.156252, -0.187503, -76.563667, -18.747301, 38.281834], 'time': 1683167634.8832}",2023-05-03 19:33:54.894630+00:00,500.4742563561665 499.86174221481247
"{'eyeAct': 'neutral', 'uAct': 'frown', 'uPow': 1.0, 'lAct': 'smile', 'lPow': 0.65, 'time': 1683167634.8676}",2023-05-03 19:33:54.894732+00:00,500.4742563561665 499.86174221481247
"{'mot': [32, 0, 0.807376, 0.328125, 0.25, -0.421875, 0.968765, 0.156252, -0.187503, -76.563667, -16.872572, 38.281834], 'time': 1683167634.8988}",2023-05-03 19:33:54.934378+00:00,500.4742563561665 499.86174221481247
"{'mot': [33, 0, 0.735372, 0.1875, 0.5625, -0.328125, 0.968765, 0.156252, -0.187503, -76.563667, -15.185314, 38.281834], 'time': 1683167634.9144}",2023-05-03 19:33:54.934502+00:00,500.4742563561665 499.86174221481247
"{'mot': [34, 0, 0.655878, 0.265625, 0.578125, -0.40625, 0.968765, 0.156252, -0.218753, -76.563667, -13.666783, 38.281834], 'time': 1683167634.9301}",2023-05-03 19:33:54.934601+00:00,500.4742563561665 499.86174221481247
"{'pow': [2.21, 6.566, 1.413, 1.061, 0.411, 0.538, 1.315, 0.907, 0.307, 0.259, 5.94, 15.525, 2.356, 0.797, 0.359, 4.607, 7.036, 1.189, 1.409, 0.336, 2.881, 9.892, 2.319, 0.812, 0.631], 'time': 1683167634.9301}",2023-05-03 19:33:54.934718+00:00,500.4742563561665 499.86174221481247
"{'signal': 1.0, 'dev': [4, 4, 4, 4, 4, 100], 'batteryPercent': 80, 'time': 1683167634.9301}",2023-05-03 19:33:54.934795+00:00,500.4742563561665 499.86174221481247
"{'eyeAct': 'neutral', 'uAct': 'frown', 'uPow': 1.0, 'lAct': 'smile', 'lPow': 0.65, 'time': 1683167634.8988}",2023-05-03 19:33:54.934870+00:00,500.4742563561665 499.86174221481247
"{'eyeAct': 'neutral', 'uAct': 'frown', 'uPow': 1.0, 'lAct': 'smile', 'lPow': 0.65, 'time': 1683167634.9301}",2023-05-03 19:33:54.934943+00:00,500.4742563561665 499.86174221481247
"{'mot': [35, 0, 0.71841, 0.15625, 0.609375, -0.296875, 0.968765, 0.156252, -0.187503, -76.563667, -12.300105, 38.281834], 'time': 1683167634.9457}",2023-05-03 19:33:54.954324+00:00,500.4742563561665 499.86174221481247
"{'mot': [36, 0, 0.539459, 0.4375, 0.40625, -0.59375, 1.000015, 0.156252, -0.187503, -76.563667, -11.070094, 38.281834], 'time': 1683167634.9613}",2023-05-03 19:33:54.993849+00:00,500.4742563561665 499.86174221481247
"{'mot': [37, 0, 0.999756, 0.0, 0.015625, 0.015625, 1.000015, 0.156252, -0.187503, -76.563667, -9.963085, 38.281834], 'time': 1683167634.9769}",2023-05-03 19:33:54.993974+00:00,500.4742563561665 499.86174221481247
"{'mot': [38, 0, 0.999389, 0.0, 0.03125, 0.015625, 1.000015, 0.156252, -0.187503, -76.563667, -8.966776, 38.281834], 'time': 1683167634.9926}",2023-05-03 19:33:54.994069+00:00,500.4742563561665 499.86174221481247
"{'eyeAct': 'neutral', 'uAct': 'frown', 'uPow': 1.0, 'lAct': 'smile', 'lPow': 0.65, 'time': 1683167634.9613}",2023-05-03 19:33:54.994151+00:00,500.4742563561665 499.86174221481247
"{'eyeAct': 'neutral', 'uAct': 'frown', 'uPow': 1.0, 'lAct': 'smile', 'lPow': 0.65, 'time': 1683167634.9926}",2023-05-03 19:33:54.994223+00:00,500.4742563561665 499.86174221481247
"{'mot': [39, 0, 0.999389, 0.0, 0.03125, 0.015625, 0.968765, 0.156252, -0.187503, -76.563667, -8.070099, 38.281834], 'time': 1683167635.0082}",2023-05-03 19:33:55.034520+00:00,500.4742563561665 499.86174221481247
"{'mot': [40, 0, 0.99829, -0.015625, 0.046875, 0.03125, 0.968765, 0.156252, -0.187503, -76.563667, -11.091272, 38.281834], 'time': 1683167635.0238}",2023-05-03 19:33:55.034648+00:00,500.4742563561665 499.86174221481247
"{'eyeAct': 'neutral', 'uAct': 'frown', 'uPow': 1.0, 'lAct': 'smile', 'lPow': 0.65, 'time': 1683167635.0238}",2023-05-03 19:33:55.034730+00:00,500.4742563561665 499.86174221481247
"{'mot': [41, 0, 0.997433, -0.015625, 0.0625, 0.03125, 1.000015, 0.156252, -0.187503, -76.563667, -13.810328, 38.281834], 'time': 1683167635.0394}",2023-05-03 19:33:55.074798+00:00,500.4742563561665 499.86174221481247
"{'mot': [42, 0, 0.994001, -0.03125, 0.09375, 0.046875, 1.000015, 0.156252, -0.187503, -76.563667, -16.257479, 38.281834], 'time': 1683167635.0551}",2023-05-03 19:33:55.074950+00:00,500.4742563561665 499.86174221481247
"{'mot': [43, 0, 0.989076, -0.046875, 0.125, 0.0625, 0.968765, 0.156252, -0.187503, -76.563667, -14.631731, 38.281834], 'time': 1683167635.0707}",2023-05-03 19:33:55.075055+00:00,500.4742563561665 499.86174221481247
"{'pow': [2.373, 6.066, 1.613, 1.157, 0.469, 0.567, 1.195, 0.962, 0.309, 0.268, 6.739, 13.66, 2.086, 0.911, 0.383, 4.362, 6.166, 1.449, 1.57, 0.406, 2.619, 8.837, 2.842, 0.931, 0.749], 'time': 1683167635.0551}",2023-05-03 19:33:55.075174+00:00,500.4742563561665 499.86174221481247
"{'eyeAct': 'neutral', 'uAct': 'frown', 'uPow': 1.0, 'lAct': 'smile', 'lPow': 0.65, 'time': 1683167635.0551}",2023-05-03 19:33:55.075257+00:00,500.4742563561665 499.86174221481247
"{'mot': [44, 0, 0.976031, -0.0625, 0.203125, 0.046875, 1.000015, 0.156252, -0.187503, -76.563667, -16.996742, 38.281834], 'time': 1683167635.0863}",2023-05-03 19:33:55.113685+00:00,500.4742563561665 499.86174221481247
"{'mot': [45, 0, 0.949275, -0.015625, 0.3125, -0.03125, 1.000015, 0.156252, -0.187503, -76.563667, -15.297068, 38.281834], 'time': 1683167635.1019}",2023-05-03 19:33:55.113859+00:00,500.4742563561665 499.86174221481247
"{'eyeAct': 'neutral', 'uAct': 'frown', 'uPow': 1.0, 'lAct': 'smile', 'lPow': 0.65, 'time': 1683167635.0863}",2023-05-03 19:33:55.113939+00:00,500.4742563561665 499.86174221481247
"{'mot': [46, 0, 0.989076, -0.046875, 0.125, 0.0625, 0.968765, 0.156252, -0.187503, -76.563667, -13.767361, 38.281834], 'time': 1683167635.1176}",2023-05-03 19:33:55.134009+00:00,500.4742563561665 499.86174221481247
"{'mot': [47, 0, 0.835901, 0.1875, 0.421875, -0.296875, 0.968765, 0.156252, -0.187503, -76.563667, -12.390624, 38.281834], 'time': 1683167635.1332}",2023-05-03 19:33:55.134163+00:00,500.4742563561665 499.86174221481247
"{'eyeAct': 'neutral', 'uAct': 'frown', 'uPow': 1.0, 'lAct': 'smile', 'lPow': 0.65, 'time': 1683167635.1176}",2023-05-03 19:33:55.134249+00:00,500.4742563561665 499.86174221481247
"{'mot': [48, 0, 0.728701, 0.25, 0.515625, -0.375, 1.000015, 0.156252, -0.187503, -76.563667, -14.979746, 38.281834], 'time': 1683167635.1488}",2023-05-03 19:33:55.173818+00:00,500.4742563561665 499.86174221481247
"{'mot': [49, 0, 0.72467, 0.15625, 0.609375, -0.28125, 1.000015, 0.156252, -0.187503, -76.563667, -17.309954, 38.281834], 'time': 1683167635.1644}",2023-05-03 19:33:55.174055+00:00,500.4742563561665 499.86174221481247
"{'eyeAct': 'neutral', 'uAct': 'frown', 'uPow': 1.0, 'lAct': 'smile', 'lPow': 0.65, 'time': 1683167635.1488}",2023-05-03 19:33:55.174191+00:00,500.4742563561665 499.86174221481247
"{'mot': [50, 0, 0.539459, 0.4375, 0.40625, -0.59375, 0.968765, 0.156252, -0.187503, -76.563667, -15.578959, 38.281834], 'time': 1683167635.1801}",2023-05-03 19:33:55.214657+00:00,500.4742563561665 499.86174221481247
"{'mot': [51, 0, 0.998779, 0.0, 0.046875, 0.015625, 1.000015, 0.156252, -0.187503, -76.563667, -14.021063, 38.281834], 'time': 1683167635.1957}",2023-05-03 19:33:55.214833+00:00,500.4742563561665 499.86174221481247
"{'mot': [52, 0, 0.99829, -0.015625, 0.046875, 0.03125, 1.000015, 0.156252, -0.187503, -76.563667, -12.618957, 38.281834], 'time': 1683167635.2113}",2023-05-03 19:33:55.214979+00:00,500.4742563561665 499.86174221481247
"{'pow': [2.526, 6.276, 1.832, 1.284, 0.528, 0.625, 1.067, 0.976, 0.325, 0.283, 7.174, 11.999, 1.814, 1.038, 0.395, 4.248, 5.311, 1.764, 1.687, 0.478, 2.659, 8.994, 3.245, 1.072, 0.851], 'time': 1683167635.1801}",2023-05-03 19:33:55.215155+00:00,500.4742563561665 499.86174221481247
"{'eyeAct': 'neutral', 'uAct': 'frown', 'uPow': 1.0, 'lAct': 'smile', 'lPow': 0.65, 'time': 1683167635.1801}",2023-05-03 19:33:55.215306+00:00,500.4742563561665 499.86174221481247
"{'eyeAct': 'neutral', 'uAct': 'frown', 'uPow': 1.0, 'lAct': 'smile', 'lPow': 0.65, 'time': 1683167635.2113}",2023-05-03 19:33:55.215414+00:00,500.4742563561665 499.86174221481247
"{'mot': [53, 0, 0.995351, -0.03125, 0.078125, 0.046875, 1.000015, 0.156252, -0.187503, -76.563667, -11.357061, 38.281834], 'time': 1683167635.2269}",2023-05-03 19:33:55.254308+00:00,500.4742563561665 499.86174221481247
"{'mot': [54, 0, 0.990926, -0.046875, 0.109375, 0.0625, 1.000015, 0.156252, -0.187503, -76.563667, -10.221354, 38.281834], 'time': 1683167635.2426}",2023-05-03 19:33:55.254461+00:00,500.4742563561665 499.86174221481247
"{'eyeAct': 'neutral', 'uAct': 'frown', 'uPow': 1.0, 'lAct': 'smile', 'lPow': 0.65, 'time': 1683167635.2426}",2023-05-03 19:33:55.254557+00:00,500.4742563561665 499.86174221481247
"{'mot': [55, 0, 0.981146, -0.0625, 0.171875, 0.0625, 0.968765, 0.156252, -0.187503, -76.563667, -9.19922, 38.281834], 'time': 1683167635.2582}",2023-05-03 19:33:55.294691+00:00,500.4742563561665 499.86174221481247
"{'mot': [56, 0, 0.962809, -0.046875, 0.265625, 0.015625, 1.000015, 0.156252, -0.187503, -76.563667, -12.107481, 38.281834], 'time': 1683167635.2738}",2023-05-03 19:33:55.294852+00:00,500.4742563561665 499.86174221481247
"{'mot': [57, 0, 0.902335, 0.09375, 0.390625, -0.15625, 0.968765, 0.187503, -0.187503, -76.563667, -14.724916, 38.281834], 'time': 1683167635.2894}",2023-05-03 19:33:55.294977+00:00,500.4742563561665 499.86174221481247
"{'eyeAct': 'neutral', 'uAct': 'frown', 'uPow': 1.0, 'lAct': 'smile', 'lPow': 0.65, 'time': 1683167635.2738}",2023-05-03 19:33:55.295081+00:00,500.4742563561665 499.86174221481247
"{'mot': [58, 0, 0.701213, 0.3125, 0.453125, -0.453125, 1.000015, 0.156252, -0.187503, -76.563667, -17.080608, 38.281834], 'time': 1683167635.3051}",2023-05-03 19:33:55.314282+00:00,500.4742563561665 499.86174221481247
"{'pow': [2.635, 7.107, 1.942, 1.348, 0.565, 0.68, 0.939, 0.94, 0.341, 0.302, 7.136, 10.868, 1.539, 1.099, 0.393, 4.171, 4.395, 1.942, 1.665, 0.528, 2.868, 10.221, 3.351, 1.162, 0.897], 'time': 1683167635.3051}",2023-05-03 19:33:55.314441+00:00,500.4742563561665 499.86174221481247
"{'eyeAct': 'neutral', 'uAct': 'frown', 'uPow': 1.0, 'lAct': 'smile', 'lPow': 0.65, 'time': 1683167635.3051}",2023-05-03 19:33:55.314530+00:00,500.4742563561665 499.86174221481247
"{'mot': [59, 0, 0.774975, 0.0, 0.625, -0.09375, 0.968765, 0.156252, -0.187503, -76.563667, -15.372547, 38.281834], 'time': 1683167635.3207}",2023-05-03 19:33:55.354484+00:00,500.4742563561665 499.86174221481247
"{'mot': [60, 0, 0.847359, 0.296875, 0.203125, -0.390625, 1.000015, 0.156252, -0.187503, -76.563667, -17.663475, 38.281834], 'time': 1683167635.3363}",2023-05-03 19:33:55.354613+00:00,500.4742563561665 499.86174221481247
"{'mot': [61, 0, 0.745593, 0.296875, 0.421875, -0.421875, 1.000015, 0.156252, -0.187503, -76.563667, -15.897128, 38.281834], 'time': 1683167635.3519}",2023-05-03 19:33:55.354715+00:00,500.4742563561665 499.86174221481247
"{'eyeAct': 'neutral', 'uAct': 'frown', 'uPow': 1.0, 'lAct': 'smile', 'lPow': 0.65, 'time': 1683167635.3363}",2023-05-03 19:33:55.354799+00:00,500.4742563561665 499.86174221481247
"{'mot': [62, 0, 0.764668, -0.03125, 0.640625, -0.0625, 1.000015, 0.156252, -0.187503, -76.563667, -14.307416, 38.281834], 'time': 1683167635.3676}",2023-05-03 19:33:55.394182+00:00,500.4742563561665 499.86174221481247
"{'mot': [63, 0, 0.0, 0.5625, 0.359375, -0.75, 1.000015, 0.156252, -0.187503, -76.563667, -16.704857, 38.281834], 'time': 1683167635.3832}",2023-05-03 19:33:55.394326+00:00,500.4742563561665 499.86174221481247
"{'eyeAct': 'neutral', 'uAct': 'frown', 'uPow': 1.0, 'lAct': 'smile', 'lPow': 0.65, 'time': 1683167635.3676}",2023-05-03 19:33:55.394412+00:00,500.4742563561665 499.86174221481247
"{'mot': [0, 0, 0.0, -0.84375, 0.4375, 0.96875, 0.968765, 0.156252, -0.187503, -76.563667, -15.034371, 38.281834], 'time': 1683167635.3988}",2023-05-03 19:33:55.435376+00:00,500.4742563561665 499.86174221481247
"{'mot': [1, 0, 0.955811, 0.125, 0.203125, -0.171875, 0.968765, 0.187503, -0.187503, -76.563667, -13.530934, 38.281834], 'time': 1683167635.4144}",2023-05-03 19:33:55.435576+00:00,500.4742563561665 499.86174221481247
"{'mot': [2, 0, 0.0, 0.5625, 0.359375, -0.75, 1.000015, 0.156252, -0.187503, -76.563667, -12.177841, 38.281834], 'time': 1683167635.4301}",2023-05-03 19:33:55.435739+00:00,500.4742563561665 499.86174221481247
"{'pow': [2.694, 8.562, 1.915, 1.303, 0.563, 0.69, 0.831, 0.875, 0.346, 0.315, 6.767, 10.58, 1.315, 1.064, 0.384, 4.093, 3.544, 1.892, 1.493, 0.541, 3.15, 12.391, 3.107, 1.17, 0.868], 'time': 1683167635.4301}",2023-05-03 19:33:55.435937+00:00,500.4742563561665 499.86174221481247
"{'signal': 1.0, 'dev': [4, 4, 4, 4, 4, 100], 'batteryPercent': 80, 'time': 1683167635.4301}",2023-05-03 19:33:55.436063+00:00,500.4742563561665 499.86174221481247
"{'eyeAct': 'neutral', 'uAct': 'frown', 'uPow': 1.0, 'lAct': 'smile', 'lPow': 0.65, 'time': 1683167635.3988}",2023-05-03 19:33:55.436203+00:00,500.4742563561665 499.86174221481247
"{'eyeAct': 'neutral', 'uAct': 'frown', 'uPow': 1.0, 'lAct': 'smile', 'lPow': 0.65, 'time': 1683167635.4301}",2023-05-03 19:33:55.436385+00:00,500.4742563561665 499.86174221481247
"{'mot': [3, 0, 0.955811, 0.125, 0.203125, -0.171875, 0.968765, 0.187503, -0.187503, -76.563667, -10.960057, 38.281834], 'time': 1683167635.4457}",2023-05-03 19:33:55.474042+00:00,500.4742563561665 499.86174221481247
"{'mot': [4, 0, 0.895273, 0.21875, 0.25, -0.296875, 1.000015, 0.156252, -0.218753, -76.563667, -9.864051, 38.281834], 'time': 1683167635.4613}",2023-05-03 19:33:55.474203+00:00,500.4742563561665 499.86174221481247
"{'eyeAct': 'neutral', 'uAct': 'frown', 'uPow': 1.0, 'lAct': 'smile', 'lPow': 0.65, 'time': 1683167635.4613}",2023-05-03 19:33:55.474321+00:00,500.4742563561665 499.86174221481247
"{'mot': [5, 0, 0.833415, 0.171875, 0.453125, -0.265625, 1.000015, 0.156252, -0.187503, -76.563667, -8.877646, 38.281834], 'time': 1683167635.4769}",2023-05-03 19:33:55.494383+00:00,500.4742563561665 499.86174221481247
"{'mot': [6, 0, 0.731377, 0.21875, 0.546875, -0.34375, 1.000015, 0.156252, -0.187503, -76.563667, -7.989882, 38.281834], 'time': 1683167635.4926}",2023-05-03 19:33:55.494509+00:00,500.4742563561665 499.86174221481247
"{'eyeAct': 'neutral', 'uAct': 'frown', 'uPow': 1.0, 'lAct': 'smile', 'lPow': 0.65, 'time': 1683167635.4926}",2023-05-03 19:33:55.494587+00:00,500.4742563561665 499.86174221481247
"{'mot': [7, 0, 0.655878, 0.265625, 0.578125, -0.40625, 1.000015, 0.156252, -0.187503, -76.563667, -7.190893, 38.281834], 'time': 1683167635.5082}",2023-05-03 19:33:55.534125+00:00,500.4742563561665 499.86174221481247
"{'mot': [8, 0, 0.708142, 0.171875, 0.609375, -0.3125, 1.000015, 0.156252, -0.187503, -76.563667, -10.299988, 38.281834], 'time': 1683167635.5238}",2023-05-03 19:33:55.534305+00:00,500.4742563561665 499.86174221481247
"{'eyeAct': 'neutral', 'uAct': 'frown', 'uPow': 1.0, 'lAct': 'smile', 'lPow': 0.65, 'time': 1683167635.5238}",2023-05-03 19:33:55.534412+00:00,500.4742563561665 499.86174221481247
"{'mot': [9, 0, 0.53148, 0.421875, 0.453125, -0.578125, 1.000015, 0.156252, -0.187503, -76.563667, -13.098172, 38.281834], 'time': 1683167635.5394}",2023-05-03 19:33:55.573935+00:00,500.4742563561665 499.86174221481247
"{'mot': [10, 0, 0.999756, 0.0, 0.015625, 0.015625, 1.000015, 0.156252, -0.187503, -76.563667, -15.616538, 38.281834], 'time': 1683167635.5551}",2023-05-03 19:33:55.574126+00:00,500.4742563561665 499.86174221481247
"{'mot': [11, 0, 0.999756, 0.0, 0.015625, 0.015625, 0.968765, 0.156252, -0.187503, -76.563667, -17.883068, 38.281834], 'time': 1683167635.5707}",2023-05-03 19:33:55.574227+00:00,500.4742563561665 499.86174221481247
"{'pow': [2.754, 10.721, 1.785, 1.176, 0.522, 0.659, 0.757, 0.802, 0.339, 0.32, 6.38, 11.257, 1.197, 0.951, 0.385, 4.036, 3.018, 1.649, 1.242, 0.521, 3.484, 15.404, 2.599, 1.118, 0.777], 'time': 1683167635.5551}",2023-05-03 19:33:55.574341+00:00,500.4742563561665 499.86174221481247
"{'eyeAct': 'neutral', 'uAct': 'frown', 'uPow': 1.0, 'lAct': 'smile', 'lPow': 0.65, 'time': 1683167635.5551}",2023-05-03 19:33:55.574421+00:00,500.4742563561665 499.86174221481247
"{'mot': [12, 0, 0.999756, 0.0, 0.015625, 0.015625, 1.000015, 0.156252, -0.187503, -76.563667, -19.922945, 38.281834], 'time': 1683167635.5863}",2023-05-03 19:33:55.614215+00:00,500.4742563561665 499.86174221481247
"{'mot': [13, 0, 0.999389, 0.0, 0.03125, 0.015625, 0.968765, 0.156252, -0.218753, -76.563667, -21.758833, 38.281834], 'time': 1683167635.6019}",2023-05-03 19:33:55.614361+00:00,500.4742563561665 499.86174221481247
"{'eyeAct': 'neutral', 'uAct': 'frown', 'uPow': 1.0, 'lAct': 'smile', 'lPow': 0.65, 'time': 1683167635.5863}",2023-05-03 19:33:55.614460+00:00,500.4742563561665 499.86174221481247
"{'mot': [14, 0, 0.99829, -0.015625, 0.046875, 0.03125, 1.000015, 0.156252, -0.187503, -76.563667, -19.582951, 38.281834], 'time': 1683167635.6176}",2023-05-03 19:33:55.653787+00:00,500.4742563561665 499.86174221481247
"{'mot': [15, 0, 0.996454, -0.03125, 0.0625, 0.046875, 0.968765, 0.156252, -0.187503, -76.563667, -21.452839, 38.281834], 'time': 1683167635.6332}",2023-05-03 19:33:55.653910+00:00,500.4742563561665 499.86174221481247
"{'mot': [16, 0, 0.993386, -0.046875, 0.09375, 0.046875, 1.000015, 0.156252, -0.187503, -76.563667, -23.135738, 38.281834], 'time': 1683167635.6488}",2023-05-03 19:33:55.654009+00:00,500.4742563561665 499.86174221481247
"{'eyeAct': 'neutral', 'uAct': 'frown', 'uPow': 1.0, 'lAct': 'smile', 'lPow': 0.65, 'time': 1683167635.6176}",2023-05-03 19:33:55.654087+00:00,500.4742563561665 499.86174221481247
"{'eyeAct': 'neutral', 'uAct': 'frown', 'uPow': 1.0, 'lAct': 'smile', 'lPow': 0.65, 'time': 1683167635.6488}",2023-05-03 19:33:55.654167+00:00,500.4742563561665 499.86174221481247
"{'mot': [17, 0, 0.988212, -0.0625, 0.125, 0.0625, 0.968765, 0.156252, -0.187503, -76.563667, -24.650347, 38.281834], 'time': 1683167635.6644}",2023-05-03 19:33:55.673991+00:00,500.4742563561665 499.86174221481247
"{'mot': [18, 0, 0.975155, -0.0625, 0.203125, 0.0625, 0.968765, 0.156252, -0.218753, -76.563667, -22.185312, 38.281834], 'time': 1683167635.6801}",2023-05-03 19:33:55.713991+00:00,500.4742563561665 499.86174221481247
"{'mot': [19, 0, 0.949275, -0.015625, 0.3125, -0.03125, 1.000015, 0.125002, -0.187503, -76.563667, -19.966782, 38.281834], 'time': 1683167635.6957}",2023-05-03 19:33:55.714116+00:00,500.4742563561665 499.86174221481247
"{'mot': [20, 0, 0.818338, 0.203125, 0.4375, -0.3125, 0.968765, 0.156252, -0.187503, -76.563667, -17.970104, 38.281834], 'time': 1683167635.7113}",2023-05-03 19:33:55.714218+00:00,500.4742563561665 499.86174221481247
"{'pow': [2.811, 13.448, 1.625, 1.042, 0.461, 0.603, 0.712, 0.735, 0.327, 0.313, 6.209, 12.79, 1.245, 0.814, 0.411, 4.03, 3.029, 1.323, 1.022, 0.488, 3.752, 18.963, 1.97, 1.063, 0.657], 'time': 1683167635.6801}",2023-05-03 19:33:55.714334+00:00,500.4742563561665 499.86174221481247
"{'eyeAct': 'neutral', 'uAct': 'frown', 'uPow': 1.0, 'lAct': 'smile', 'lPow': 0.65, 'time': 1683167635.6801}",2023-05-03 19:33:55.714417+00:00,500.4742563561665 499.86174221481247
"{'eyeAct': 'neutral', 'uAct': 'frown', 'uPow': 1.0, 'lAct': 'smile', 'lPow': 0.65, 'time': 1683167635.7113}",2023-05-03 19:33:55.714488+00:00,500.4742563561665 499.86174221481247
"{'mot': [21, 0, 0.722646, 0.234375, 0.53125, -0.375, 0.968765, 0.156252, -0.187503, -76.563667, -16.173094, 38.281834], 'time': 1683167635.7269}",2023-05-03 19:33:55.754378+00:00,500.4742563561665 499.86174221481247
"{'mot': [22, 0, 0.70607, 0.203125, 0.59375, -0.328125, 1.000015, 0.156252, -0.218753, -76.563667, -14.555784, 38.281834], 'time': 1683167635.7426}",2023-05-03 19:33:55.754515+00:00,500.4742563561665 499.86174221481247
"{'eyeAct': 'neutral', 'uAct': 'frown', 'uPow': 1.0, 'lAct': 'smile', 'lPow': 0.65, 'time': 1683167635.7426}",2023-05-03 19:33:55.754604+00:00,500.4742563561665 499.86174221481247
"{'mot': [23, 0, 0.557048, 0.375, 0.5, -0.546875, 1.000015, 0.156252, -0.218753, -76.563667, -13.100205, 38.281834], 'time': 1683167635.7582}",2023-05-03 19:33:55.793850+00:00,500.4742563561665 499.86174221481247
"{'mot': [24, 0, 0.936458, -0.0625, 0.34375, 0.03125, 1.000015, 0.156252, -0.218753, -76.563667, -15.618368, 38.281834], 'time': 1683167635.7738}",2023-05-03 19:33:55.793973+00:00,500.4742563561665 499.86174221481247
"{'mot': [25, 0, 0.843895, 0.109375, 0.484375, -0.203125, 1.000015, 0.156252, -0.187503, -76.563667, -17.884714, 38.281834], 'time': 1683167635.7894}",2023-05-03 19:33:55.794071+00:00,500.4742563561665 499.86174221481247
"{'eyeAct': 'neutral', 'uAct': 'frown', 'uPow': 1.0, 'lAct': 'smile', 'lPow': 0.65, 'time': 1683167635.7738}",2023-05-03 19:33:55.794149+00:00,500.4742563561665 499.86174221481247
"{'mot': [26, 0, 0.500732, 0.4375, 0.453125, -0.59375, 1.000015, 0.156252, -0.187503, -76.563667, -16.096243, 38.281834], 'time': 1683167635.8051}",2023-05-03 19:33:55.815015+00:00,500.4742563561665 499.86174221481247
"{'pow': [2.892, 16.238, 1.507, 0.978, 0.403, 0.561, 0.678, 0.682, 0.328, 0.299, 6.36, 14.829, 1.481, 0.716, 0.467, 4.167, 3.62, 1.034, 0.912, 0.463, 3.865, 22.471, 1.385, 1.058, 0.545], 'time': 1683167635.8051}",2023-05-03 19:33:55.815184+00:00,500.4742563561665 499.86174221481247
"{'eyeAct': 'neutral', 'uAct': 'frown', 'uPow': 1.0, 'lAct': 'smile', 'lPow': 0.65, 'time': 1683167635.8051}",2023-05-03 19:33:55.815272+00:00,500.4742563561665 499.86174221481247
"{'mot': [27, 0, 0.98127, -0.03125, 0.1875, 0.03125, 1.000015, 0.156252, -0.218753, -76.563667, -14.486619, 38.281834], 'time': 1683167635.8207}",2023-05-03 19:33:55.853969+00:00,500.4742563561665 499.86174221481247
"{'mot': [28, 0, 0.957725, -0.078125, 0.265625, 0.078125, 1.000015, 0.156252, -0.218753, -76.563667, -16.86614, 38.281834], 'time': 1683167635.8363}",2023-05-03 19:33:55.854099+00:00,500.4742563561665 499.86174221481247
"{'mot': [29, 0, 0.898811, 0.046875, 0.421875, -0.109375, 1.000015, 0.156252, -0.218753, -76.563667, -15.179526, 38.281834], 'time': 1683167635.8519}",2023-05-03 19:33:55.854198+00:00,500.4742563561665 499.86174221481247
"{'eyeAct': 'neutral', 'uAct': 'frown', 'uPow': 1.0, 'lAct': 'smile', 'lPow': 0.65, 'time': 1683167635.8363}",2023-05-03 19:33:55.854278+00:00,500.4742563561665 499.86174221481247
"{'mot': [30, 0, 0.573248, 0.390625, 0.46875, -0.546875, 1.000015, 0.156252, -0.187503, -76.563667, -17.489758, 38.281834], 'time': 1683167635.8676}",2023-05-03 19:33:55.894405+00:00,500.4742563561665 499.86174221481247
"{'mot': [31, 0, 0.911488, -0.0625, 0.40625, 0.015625, 0.968765, 0.156252, -0.187503, -76.563667, -19.568964, 38.281834], 'time': 1683167635.8832}",2023-05-03 19:33:55.894540+00:00,500.4742563561665 499.86174221481247
"{'eyeAct': 'neutral', 'uAct': 'frown', 'uPow': 1.0, 'lAct': 'smile', 'lPow': 0.65, 'time': 1683167635.8676}",2023-05-03 19:33:55.894642+00:00,500.4742563561665 499.86174221481247
"{'mot': [32, 0, 0.703299, 0.265625, 0.53125, -0.390625, 1.000015, 0.156252, -0.187503, -76.563667, -21.440252, 38.281834], 'time': 1683167635.8988}",2023-05-03 19:33:55.934868+00:00,500.4742563561665 499.86174221481247
"{'mot': [33, 0, 0.693863, 0.21875, 0.59375, -0.34375, 0.968765, 0.156252, -0.187503, -76.563667, -23.124411, 38.281834], 'time': 1683167635.9144}",2023-05-03 19:33:55.935136+00:00,500.4742563561665 499.86174221481247
"{'mot': [34, 0, 0.590038, 0.34375, 0.546875, -0.484375, 1.000015, 0.156252, -0.187503, -76.563667, -20.81197, 38.281834], 'time': 1683167635.9301}",2023-05-03 19:33:55.935334+00:00,500.4742563561665 499.86174221481247
"{'pow': [2.974, 18.289, 1.436, 1.012, 0.368, 0.555, 0.646, 0.641, 0.357, 0.285, 6.723, 16.819, 1.849, 0.695, 0.546, 4.53, 4.649, 0.85, 0.925, 0.461, 3.753, 25.018, 0.96, 1.12, 0.47], 'time': 1683167635.9301}",2023-05-03 19:33:55.935596+00:00,500.4742563561665 499.86174221481247
"{'signal': 1.0, 'dev': [4, 4, 4, 4, 4, 100], 'batteryPercent': 80, 'time': 1683167635.9301}",2023-05-03 19:33:55.935747+00:00,500.4742563561665 499.86174221481247
"{'eyeAct': 'neutral', 'uAct': 'frown', 'uPow': 1.0, 'lAct': 'smile', 'lPow': 0.65, 'time': 1683167635.8988}",2023-05-03 19:33:55.935888+00:00,500.4742563561665 499.86174221481247
"{'eyeAct': 'neutral', 'uAct': 'frown', 'uPow': 1.0, 'lAct': 'smile', 'lPow': 0.65, 'time': 1683167635.9301}",2023-05-03 19:33:55.936024+00:00,500.4742563561665 499.86174221481247
"{'mot': [35, 0, 0.703299, 0.265625, 0.53125, -0.390625, 1.000015, 0.156252, -0.187503, -76.563667, -22.558956, 38.281834], 'time': 1683167635.9457}",2023-05-03 19:33:55.954333+00:00,500.4742563561665 499.86174221481247
"{'mot': [36, 0, 0.590038, 0.34375, 0.546875, -0.484375, 1.000015, 0.156252, -0.187503, -76.563667, -20.303061, 38.281834], 'time': 1683167635.9613}",2023-05-03 19:33:55.994131+00:00,500.4742563561665 499.86174221481247
"{'mot': [37, 0, 0.82532, -0.046875, 0.5625, -0.015625, 1.000015, 0.156252, -0.187503, -76.563667, -18.272755, 38.281834], 'time': 1683167635.9769}",2023-05-03 19:33:55.994326+00:00,500.4742563561665 499.86174221481247
"{'mot': [38, 0, 0.941009, 0.1875, 0.15625, -0.234375, 1.000015, 0.156252, -0.187503, -76.563667, -16.445478, 38.281834], 'time': 1683167635.9926}",2023-05-03 19:33:55.994492+00:00,500.4742563561665 499.86174221481247
"{'eyeAct': 'neutral', 'uAct': 'frown', 'uPow': 1.0, 'lAct': 'smile', 'lPow': 0.65, 'time': 1683167635.9613}",2023-05-03 19:33:55.994678+00:00,500.4742563561665 499.86174221481247
"{'eyeAct': 'neutral', 'uAct': 'frown', 'uPow': 1.0, 'lAct': 'smile', 'lPow': 0.65, 'time': 1683167635.9926}",2023-05-03 19:33:55.994803+00:00,500.4742563561665 499.86174221481247
"{'mot': [39, 0, 0.877508, 0.265625, 0.203125, -0.34375, 1.000015, 0.156252, -0.187503, -76.563667, -14.800931, 38.281834], 'time': 1683167636.0082}",2023-05-03 19:33:56.033666+00:00,500.4742563561665 499.86174221481247
"{'mot': [40, 0, 0.809791, 0.203125, 0.453125, -0.3125, 0.968765, 0.156252, -0.187503, -76.563667, -13.320838, 38.281834], 'time': 1683167636.0238}",2023-05-03 19:33:56.033798+00:00,500.4742563561665 499.86174221481247
"{'eyeAct': 'neutral', 'uAct': 'frown', 'uPow': 1.0, 'lAct': 'smile', 'lPow': 0.65, 'time': 1683167636.0238}",2023-05-03 19:33:56.033882+00:00,500.4742563561665 499.86174221481247
"{'mot': [41, 0, 0.755514, 0.15625, 0.578125, -0.265625, 1.000015, 0.156252, -0.187503, -76.563667, -11.988754, 38.281834], 'time': 1683167636.0394}",2023-05-03 19:33:56.074458+00:00,500.4742563561665 499.86174221481247
"{'mot': [42, 0, 0.500732, 0.4375, 0.453125, -0.59375, 0.968765, 0.156252, -0.187503, -76.563667, -14.618062, 38.281834], 'time': 1683167636.0551}",2023-05-03 19:33:56.074584+00:00,500.4742563561665 499.86174221481247
"{'mot': [43, 0, 0.974153, -0.046875, 0.21875, 0.03125, 1.000015, 0.156252, -0.187503, -76.563667, -16.98444, 38.281834], 'time': 1683167636.0707}",2023-05-03 19:33:56.074683+00:00,500.4742563561665 499.86174221481247
"{'pow': [2.992, 18.812, 1.36, 1.106, 0.358, 0.592, 0.619, 0.605, 0.422, 0.276, 7.141, 18.224, 2.239, 0.745, 0.625, 5.081, 5.795, 0.775, 0.998, 0.481, 3.395, 25.672, 0.709, 1.219, 0.435], 'time': 1683167636.0551}",2023-05-03 19:33:56.074802+00:00,500.4742563561665 499.86174221481247
"{'eyeAct': 'neutral', 'uAct': 'frown', 'uPow': 1.0, 'lAct': 'smile', 'lPow': 0.65, 'time': 1683167636.0551}",2023-05-03 19:33:56.074885+00:00,500.4742563561665 499.86174221481247
"{'mot': [44, 0, 0.945538, -0.078125, 0.3125, 0.046875, 1.000015, 0.156252, -0.187503, -76.563667, -15.285995, 38.281834], 'time': 1683167636.0863}",2023-05-03 19:33:56.113949+00:00,500.4742563561665 499.86174221481247
"{'mot': [45, 0, 0.826502, 0.140625, 0.484375, -0.25, 1.000015, 0.156252, -0.187503, -76.563667, -17.585579, 38.281834], 'time': 1683167636.1019}",2023-05-03 19:33:56.114176+00:00,500.4742563561665 499.86174221481247
"{'eyeAct': 'neutral', 'uAct': 'frown', 'uPow': 1.0, 'lAct': 'smile', 'lPow': 0.65, 'time': 1683167636.0863}",2023-05-03 19:33:56.114286+00:00,500.4742563561665 499.86174221481247
"{'mot': [46, 0, 0.560108, 0.390625, 0.484375, -0.546875, 1.000015, 0.156252, -0.187503, -76.563667, -15.827022, 38.281834], 'time': 1683167636.1176}",2023-05-03 19:33:56.134498+00:00,500.4742563561665 499.86174221481247
"{'mot': [47, 0, 0.948246, -0.046875, 0.3125, 0.03125, 1.000015, 0.156252, -0.187503, -76.563667, -18.072502, 38.281834], 'time': 1683167636.1332}",2023-05-03 19:33:56.134647+00:00,500.4742563561665 499.86174221481247
"{'eyeAct': 'neutral', 'uAct': 'frown', 'uPow': 1.0, 'lAct': 'smile', 'lPow': 0.65, 'time': 1683167636.1176}",2023-05-03 19:33:56.134731+00:00,500.4742563561665 499.86174221481247
"{'mot': [48, 0, 0.881394, 0.046875, 0.453125, -0.125, 1.000015, 0.156252, -0.187503, -76.563667, -20.093435, 38.281834], 'time': 1683167636.1488}",2023-05-03 19:33:56.173810+00:00,500.4742563561665 499.86174221481247
"{'mot': [49, 0, 0.517751, 0.421875, 0.46875, -0.578125, 1.000015, 0.156252, -0.187503, -76.563667, -21.912275, 38.281834], 'time': 1683167636.1644}",2023-05-03 19:33:56.173938+00:00,500.4742563561665 499.86174221481247
"{'eyeAct': 'neutral', 'uAct': 'frown', 'uPow': 1.0, 'lAct': 'smile', 'lPow': 0.65, 'time': 1683167636.1488}",2023-05-03 19:33:56.174021+00:00,500.4742563561665 499.86174221481247
"{'mot': [50, 0, 0.993755, -0.015625, 0.109375, 0.015625, 1.000015, 0.156252, -0.187503, -76.563667, -23.549231, 38.281834], 'time': 1683167636.1801}",2023-05-03 19:33:56.214899+00:00,500.4742563561665 499.86174221481247
"{'mot': [51, 0, 0.983755, -0.0625, 0.15625, 0.0625, 1.000015, 0.156252, -0.187503, -76.563667, -21.194307, 38.281834], 'time': 1683167636.1957}",2023-05-03 19:33:56.215065+00:00,500.4742563561665 499.86174221481247
"{'mot': [52, 0, 0.96812, -0.0625, 0.234375, 0.0625, 1.000015, 0.156252, -0.187503, -76.563667, -19.074877, 38.281834], 'time': 1683167636.2113}",2023-05-03 19:33:56.215189+00:00,500.4742563561665 499.86174221481247
"{'pow': [2.95, 17.427, 1.233, 1.182, 0.365, 0.67, 0.601, 0.567, 0.517, 0.274, 7.396, 18.714, 2.559, 0.824, 0.678, 5.724, 6.679, 0.79, 1.04, 0.506, 2.884, 23.953, 0.58, 1.29, 0.429], 'time': 1683167636.1801}",2023-05-03 19:33:56.215339+00:00,500.4742563561665 499.86174221481247
"{'eyeAct': 'neutral', 'uAct': 'frown', 'uPow': 1.0, 'lAct': 'smile', 'lPow': 0.65, 'time': 1683167636.1801}",2023-05-03 19:33:56.215446+00:00,500.4742563561665 499.86174221481247
"{'eyeAct': 'neutral', 'uAct': 'frown', 'uPow': 1.0, 'lAct': 'smile', 'lPow': 0.65, 'time': 1683167636.2113}",2023-05-03 19:33:56.215543+00:00,500.4742563561665 499.86174221481247
"{'mot': [53, 0, 0.929392, 0.03125, 0.359375, -0.078125, 0.968765, 0.156252, -0.187503, -76.563667, -17.167389, 38.281834], 'time': 1683167636.2269}",2023-05-03 19:33:56.254113+00:00,500.4742563561665 499.86174221481247
"{'mot': [54, 0, 0.727024, 0.296875, 0.453125, -0.421875, 1.000015, 0.156252, -0.187503, -76.563667, -15.450651, 38.281834], 'time': 1683167636.2426}",2023-05-03 19:33:56.254250+00:00,500.4742563561665 499.86174221481247
"{'eyeAct': 'neutral', 'uAct': 'frown', 'uPow': 1.0, 'lAct': 'smile', 'lPow': 0.65, 'time': 1683167636.2426}",2023-05-03 19:33:56.254338+00:00,500.4742563561665 499.86174221481247
"{'mot': [55, 0, 0.75745, 0.078125, 0.625, -0.171875, 1.000015, 0.156252, -0.187503, -76.563667, -13.905585, 38.281834], 'time': 1683167636.2582}",2023-05-03 19:33:56.293965+00:00,500.4742563561665 499.86174221481247
"{'mot': [56, 0, 0.928341, 0.21875, 0.140625, -0.265625, 1.000015, 0.156252, -0.187503, -76.563667, -12.515027, 38.281834], 'time': 1683167636.2738}",2023-05-03 19:33:56.294166+00:00,500.4742563561665 499.86174221481247
"{'mot': [57, 0, 0.85838, 0.28125, 0.234375, -0.359375, 1.000015, 0.156252, -0.187503, -76.563667, -11.263524, 38.281834], 'time': 1683167636.2894}",2023-05-03 19:33:56.294318+00:00,500.4742563561665 499.86174221481247
"{'eyeAct': 'neutral', 'uAct': 'frown', 'uPow': 1.0, 'lAct': 'smile', 'lPow': 0.65, 'time': 1683167636.2738}",2023-05-03 19:33:56.294428+00:00,500.4742563561665 499.86174221481247
"{'mot': [58, 0, 0.789178, 0.15625, 0.53125, -0.265625, 1.000015, 0.156252, -0.187503, -76.563667, -13.965355, 38.281834], 'time': 1683167636.3051}",2023-05-03 19:33:56.314416+00:00,500.4742563561665 499.86174221481247
"{'pow': [2.84, 14.413, 1.054, 1.169, 0.375, 0.79, 0.61, 0.533, 0.63, 0.276, 7.364, 18.179, 2.754, 0.881, 0.683, 6.303, 7.033, 0.872, 0.984, 0.519, 2.373, 20.156, 0.526, 1.276, 0.429], 'time': 1683167636.3051}",2023-05-03 19:33:56.314615+00:00,500.4742563561665 499.86174221481247
"{'eyeAct': 'neutral', 'uAct': 'frown', 'uPow': 1.0, 'lAct': 'smile', 'lPow': 0.65, 'time': 1683167636.3051}",2023-05-03 19:33:56.314727+00:00,500.4742563561665 499.86174221481247
"{'mot': [59, 0, 0.604144, 0.34375, 0.53125, -0.484375, 1.000015, 0.156252, -0.187503, -76.563667, -12.56882, 38.281834], 'time': 1683167636.3207}",2023-05-03 19:33:56.353690+00:00,500.4742563561665 499.86174221481247
"{'mot': [60, 0, 0.814001, -0.046875, 0.578125, -0.03125, 0.968765, 0.156252, -0.187503, -76.563667, -15.140121, 38.281834], 'time': 1683167636.3363}",2023-05-03 19:33:56.353820+00:00,500.4742563561665 499.86174221481247
"{'mot': [61, 0, 0.971518, 0.140625, 0.109375, -0.15625, 1.000015, 0.156252, -0.187503, -76.563667, -13.626109, 38.281834], 'time': 1683167636.3519}",2023-05-03 19:33:56.353919+00:00,500.4742563561665 499.86174221481247
"{'eyeAct': 'neutral', 'uAct': 'frown', 'uPow': 1.0, 'lAct': 'smile', 'lPow': 0.65, 'time': 1683167636.3363}",2023-05-03 19:33:56.353999+00:00,500.4742563561665 499.86174221481247
"{'mot': [62, 0, 0.930573, 0.21875, 0.125, -0.265625, 1.000015, 0.125002, -0.187503, -76.563667, -16.091682, 38.281834], 'time': 1683167636.3676}",2023-05-03 19:33:56.394381+00:00,500.4742563561665 499.86174221481247
"{'mot': [63, 0, 0.871365, 0.25, 0.265625, -0.328125, 0.968765, 0.156252, -0.187503, -76.563667, -14.482513, 38.281834], 'time': 1683167636.3832}",2023-05-03 19:33:56.394508+00:00,500.4742563561665 499.86174221481247
"{'eyeAct': 'neutral', 'uAct': 'frown', 'uPow': 1.0, 'lAct': 'smile', 'lPow': 0.65, 'time': 1683167636.3676}",2023-05-03 19:33:56.394588+00:00,500.4742563561665 499.86174221481247
"{'mot': [0, 0, 0.808886, 0.125, 0.53125, -0.21875, 1.000015, 0.156252, -0.187503, -76.563667, -16.862446, 38.281834], 'time': 1683167636.3988}",2023-05-03 19:33:56.434415+00:00,500.4742563561665 499.86174221481247
"{'mot': [1, 0, 0.546205, 0.390625, 0.5, -0.546875, 1.000015, 0.125002, -0.187503, -76.563667, -19.004385, 38.281834], 'time': 1683167636.4144}",2023-05-03 19:33:56.434571+00:00,500.4742563561665 499.86174221481247
"{'mot': [2, 0, 0.953253, -0.046875, 0.296875, 0.03125, 1.000015, 0.156252, -0.187503, -76.563667, -20.932129, 38.281834], 'time': 1683167636.4301}",2023-05-03 19:33:56.434681+00:00,500.4742563561665 499.86174221481247
"{'pow': [2.711, 10.599, 0.889, 1.053, 0.379, 0.959, 0.679, 0.512, 0.74, 0.279, 7.14, 16.859, 2.833, 0.892, 0.636, 6.584, 6.815, 1.01, 0.833, 0.507, 1.998, 15.304, 0.532, 1.168, 0.422], 'time': 1683167636.4301}",2023-05-03 19:33:56.434805+00:00,500.4742563561665 499.86174221481247
"{'signal': 1.0, 'dev': [4, 4, 4, 4, 4, 100], 'batteryPercent': 80, 'time': 1683167636.4301}",2023-05-03 19:33:56.434885+00:00,500.4742563561665 499.86174221481247
"{'eyeAct': 'neutral', 'uAct': 'frown', 'uPow': 1.0, 'lAct': 'smile', 'lPow': 0.65, 'time': 1683167636.3988}",2023-05-03 19:33:56.434981+00:00,500.4742563561665 499.86174221481247
"{'eyeAct': 'neutral', 'uAct': 'frown', 'uPow': 1.0, 'lAct': 'smile', 'lPow': 0.65, 'time': 1683167636.4301}",2023-05-03 19:33:56.435102+00:00,500.4742563561665 499.86174221481247
"{'mot': [3, 0, 0.808886, 0.125, 0.53125, -0.21875, 1.000015, 0.156252, -0.187503, -76.563667, -18.838917, 38.281834], 'time': 1683167636.4457}",2023-05-03 19:33:56.454341+00:00,500.4742563561665 499.86174221481247
"{'mot': [4, 0, 0.953253, -0.046875, 0.296875, 0.03125, 1.000015, 0.156252, -0.187503, -76.563667, -20.783209, 38.281834], 'time': 1683167636.4613}",2023-05-03 19:33:56.494155+00:00,500.4742563561665 499.86174221481247
"{'mot': [5, 0, 0.903147, 0.015625, 0.421875, -0.078125, 1.000015, 0.156252, -0.187503, -76.563667, -18.704887, 38.281834], 'time': 1683167636.4769}",2023-05-03 19:33:56.494321+00:00,500.4742563561665 499.86174221481247
"{'mot': [6, 0, 0.597848, 0.375, 0.46875, -0.53125, 1.000015, 0.125002, -0.187503, -76.563667, -16.834398, 38.281834], 'time': 1683167636.4926}",2023-05-03 19:33:56.494427+00:00,500.4742563561665 499.86174221481247
"{'eyeAct': 'neutral', 'uAct': 'frown', 'uPow': 1.0, 'lAct': 'smile', 'lPow': 0.65, 'time': 1683167636.4613}",2023-05-03 19:33:56.494525+00:00,500.4742563561665 499.86174221481247
"{'eyeAct': 'neutral', 'uAct': 'frown', 'uPow': 1.0, 'lAct': 'smile', 'lPow': 0.65, 'time': 1683167636.4926}",2023-05-03 19:33:56.494611+00:00,500.4742563561665 499.86174221481247
"{'mot': [7, 0, 0.880978, -0.0625, 0.46875, 0.015625, 1.000015, 0.156252, -0.187503, -76.563667, -15.150959, 38.281834], 'time': 1683167636.5082}",2023-05-03 19:33:56.534648+00:00,500.4742563561665 499.86174221481247
"{'mot': [8, 0, 0.557924, 0.375, 0.515625, -0.53125, 1.000015, 0.125002, -0.187503, -76.563667, -13.635863, 38.281834], 'time': 1683167636.5238}",2023-05-03 19:33:56.534828+00:00,500.4742563561665 499.86174221481247
"{'eyeAct': 'neutral', 'uAct': 'frown', 'uPow': 1.0, 'lAct': 'smile', 'lPow': 0.65, 'time': 1683167636.5238}",2023-05-03 19:33:56.534986+00:00,500.4742563561665 499.86174221481247
"{'mot': [9, 0, 0.873604, -0.046875, 0.484375, 0.0, 0.968765, 0.156252, -0.187503, -76.563667, -12.272277, 38.281834], 'time': 1683167636.5394}",2023-05-03 19:33:56.574608+00:00,500.4742563561665 499.86174221481247
"{'mot': [10, 0, 0.560108, 0.390625, 0.484375, -0.546875, 1.000015, 0.125002, -0.187503, -76.563667, -11.045049, 38.281834], 'time': 1683167636.5551}",2023-05-03 19:33:56.574755+00:00,500.4742563561665 499.86174221481247
"{'mot': [11, 0, 0.919223, -0.046875, 0.390625, 0.015625, 1.000015, 0.125002, -0.187503, -76.563667, -9.940544, 38.281834], 'time': 1683167636.5707}",2023-05-03 19:33:56.574855+00:00,500.4742563561665 499.86174221481247
"{'pow': [2.618, 7.024, 0.819, 0.875, 0.378, 1.151, 0.831, 0.5, 0.823, 0.279, 6.962, 15.402, 2.855, 0.861, 0.548, 6.512, 6.2, 1.202, 0.646, 0.471, 1.841, 10.746, 0.607, 0.998, 0.407], 'time': 1683167636.5551}",2023-05-03 19:33:56.574971+00:00,500.4742563561665 499.86174221481247
"{'eyeAct': 'neutral', 'uAct': 'frown', 'uPow': 1.0, 'lAct': 'smile', 'lPow': 0.65, 'time': 1683167636.5551}",2023-05-03 19:33:56.575061+00:00,500.4742563561665 499.86174221481247
"{'mot': [12, 0, 0.742804, 0.21875, 0.53125, -0.34375, 1.000015, 0.156252, -0.187503, -76.563667, -8.946489, 38.281834], 'time': 1683167636.5863}",2023-05-03 19:33:56.613847+00:00,500.4742563561665 499.86174221481247
"{'mot': [13, 0, 0.630832, 0.3125, 0.546875, -0.453125, 1.000015, 0.156252, -0.187503, -76.563667, -11.880024, 38.281834], 'time': 1683167636.6019}",2023-05-03 19:33:56.613987+00:00,500.4742563561665 499.86174221481247
"{'eyeAct': 'neutral', 'uAct': 'frown', 'uPow': 1.0, 'lAct': 'smile', 'lPow': 0.65, 'time': 1683167636.5863}",2023-05-03 19:33:56.614089+00:00,500.4742563561665 499.86174221481247
"{'mot': [14, 0, 0.789024, 0.0, 0.609375, -0.078125, 1.000015, 0.125002, -0.187503, -76.563667, -10.692021, 38.281834], 'time': 1683167636.6176}",2023-05-03 19:33:56.634214+00:00,500.4742563561665 499.86174221481247
"{'mot': [15, 0, 0.980897, 0.109375, 0.078125, -0.140625, 1.000015, 0.125002, -0.187503, -76.563667, -13.451003, 38.281834], 'time': 1683167636.6332}",2023-05-03 19:33:56.634352+00:00,500.4742563561665 499.86174221481247
"{'eyeAct': 'neutral', 'uAct': 'frown', 'uPow': 1.0, 'lAct': 'smile', 'lPow': 0.65, 'time': 1683167636.6176}",2023-05-03 19:33:56.634444+00:00,500.4742563561665 499.86174221481247
"{'mot': [16, 0, 0.954405, 0.1875, 0.078125, -0.21875, 0.968765, 0.156252, -0.187503, -76.563667, -12.105903, 38.281834], 'time': 1683167636.6488}",2023-05-03 19:33:56.673808+00:00,500.4742563561665 499.86174221481247
"{'mot': [17, 0, 0.903011, 0.25, 0.15625, -0.3125, 0.968765, 0.125002, -0.187503, -76.563667, -14.723495, 38.281834], 'time': 1683167636.6644}",2023-05-03 19:33:56.673967+00:00,500.4742563561665 499.86174221481247
"{'eyeAct': 'neutral', 'uAct': 'frown', 'uPow': 1.0, 'lAct': 'smile', 'lPow': 0.65, 'time': 1683167636.6488}",2023-05-03 19:33:56.674062+00:00,500.4742563561665 499.86174221481247
"{'mot': [18, 0, 0.827535, 0.234375, 0.390625, -0.328125, 1.000015, 0.125002, -0.187503, -76.563667, -17.07933, 38.281834], 'time': 1683167636.6801}",2023-05-03 19:33:56.714618+00:00,500.4742563561665 499.86174221481247
"{'mot': [19, 0, 0.782187, 0.078125, 0.59375, -0.171875, 0.968765, 0.125002, -0.187503, -76.563667, -19.199579, 38.281834], 'time': 1683167636.6957}",2023-05-03 19:33:56.714790+00:00,500.4742563561665 499.86174221481247
"{'mot': [20, 0, 0.644425, 0.421875, 0.328125, -0.546875, 1.000015, 0.156252, -0.187503, -76.563667, -17.279621, 38.281834], 'time': 1683167636.7113}",2023-05-03 19:33:56.714922+00:00,500.4742563561665 499.86174221481247
"{'pow': [2.604, 4.463, 0.864, 0.69, 0.376, 1.35, 1.084, 0.499, 0.86, 0.273, 7.018, 14.529, 2.872, 0.808, 0.445, 6.048, 5.442, 1.397, 0.484, 0.419, 1.987, 7.478, 0.728, 0.817, 0.385], 'time': 1683167636.6801}",2023-05-03 19:33:56.715081+00:00,500.4742563561665 499.86174221481247
"{'eyeAct': 'neutral', 'uAct': 'frown', 'uPow': 1.0, 'lAct': 'smile', 'lPow': 0.65, 'time': 1683167636.6801}",2023-05-03 19:33:56.715191+00:00,500.4742563561665 499.86174221481247
"{'eyeAct': 'neutral', 'uAct': 'frown', 'uPow': 1.0, 'lAct': 'smile', 'lPow': 0.65, 'time': 1683167636.7113}",2023-05-03 19:33:56.715291+00:00,500.4742563561665 499.86174221481247
"{'mot': [21, 0, 0.831802, 0.015625, 0.546875, -0.09375, 1.000015, 0.156252, -0.187503, -76.563667, -15.55166, 38.281834], 'time': 1683167636.7269}",2023-05-03 19:33:56.754096+00:00,500.4742563561665 499.86174221481247
"{'mot': [22, 0, 0.544414, 0.4375, 0.421875, -0.578125, 1.000015, 0.156252, -0.187503, -76.563667, -13.996494, 38.281834], 'time': 1683167636.7426}",2023-05-03 19:33:56.754250+00:00,500.4742563561665 499.86174221481247
"{'eyeAct': 'neutral', 'uAct': 'frown', 'uPow': 1.0, 'lAct': 'smile', 'lPow': 0.65, 'time': 1683167636.7426}",2023-05-03 19:33:56.754354+00:00,500.4742563561665 499.86174221481247
"{'mot': [23, 0, 0.984871, -0.015625, 0.171875, 0.015625, 1.000015, 0.156252, -0.187503, -76.563667, -12.596845, 38.281834], 'time': 1683167636.7582}",2023-05-03 19:33:56.793831+00:00,500.4742563561665 499.86174221481247
"{'mot': [24, 0, 0.969002, -0.0625, 0.234375, 0.046875, 1.000015, 0.156252, -0.187503, -76.563667, -11.33716, 38.281834], 'time': 1683167636.7738}",2023-05-03 19:33:56.793970+00:00,500.4742563561665 499.86174221481247
"{'mot': [25, 0, 0.924784, 0.015625, 0.375, -0.0625, 0.968765, 0.125002, -0.187503, -76.563667, -14.031628, 38.281834], 'time': 1683167636.7894}",2023-05-03 19:33:56.794080+00:00,500.4742563561665 499.86174221481247
"{'eyeAct': 'neutral', 'uAct': 'frown', 'uPow': 1.0, 'lAct': 'smile', 'lPow': 0.65, 'time': 1683167636.7738}",2023-05-03 19:33:56.794168+00:00,500.4742563561665 499.86174221481247
"{'mot': [26, 0, 0.711066, 0.3125, 0.453125, -0.4375, 1.000015, 0.125002, -0.187503, -76.563667, -12.628465, 38.281834], 'time': 1683167636.8051}",2023-05-03 19:33:56.814598+00:00,500.4742563561665 499.86174221481247
"{'pow': [2.765, 3.144, 0.993, 0.544, 0.378, 1.546, 1.433, 0.515, 0.843, 0.263, 7.323, 14.654, 2.862, 0.767, 0.354, 5.462, 4.736, 1.531, 0.399, 0.366, 2.565, 5.769, 0.87, 0.665, 0.36], 'time': 1683167636.8051}",2023-05-03 19:33:56.814794+00:00,500.4742563561665 499.86174221481247
"{'eyeAct': 'neutral', 'uAct': 'frown', 'uPow': 1.0, 'lAct': 'smile', 'lPow': 0.65, 'time': 1683167636.8051}",2023-05-03 19:33:56.814907+00:00,500.4742563561665 499.86174221481247
"{'mot': [27, 0, 0.75341, 0.046875, 0.640625, -0.140625, 1.000015, 0.125002, -0.187503, -76.563667, -11.365619, 38.281834], 'time': 1683167636.8207}",2023-05-03 19:33:56.853786+00:00,500.4742563561665 499.86174221481247
"{'mot': [28, 0, 0.999756, 0.015625, 0.015625, 0.0, 1.000015, 0.125002, -0.187503, -76.563667, -14.05724, 38.281834], 'time': 1683167636.8363}",2023-05-03 19:33:56.853917+00:00,500.4742563561665 499.86174221481247
"{'mot': [29, 0, 0.711066, 0.3125, 0.453125, -0.4375, 1.000015, 0.125002, -0.187503, -76.563667, -12.651516, 38.281834], 'time': 1683167636.8519}",2023-05-03 19:33:56.854014+00:00,500.4742563561665 499.86174221481247
"{'eyeAct': 'neutral', 'uAct': 'frown', 'uPow': 1.0, 'lAct': 'smile', 'lPow': 0.65, 'time': 1683167636.8363}",2023-05-03 19:33:56.854090+00:00,500.4742563561665 499.86174221481247
"{'mot': [30, 0, 0.999634, 0.015625, 0.015625, -0.015625, 0.968765, 0.156252, -0.187503, -76.563667, -11.386364, 38.281834], 'time': 1683167636.8676}",2023-05-03 19:33:56.894361+00:00,500.4742563561665 499.86174221481247
"{'mot': [31, 0, 0.999267, 0.03125, 0.015625, -0.015625, 1.000015, 0.125002, -0.187503, -76.563667, -14.075912, 38.281834], 'time': 1683167636.8832}",2023-05-03 19:33:56.894513+00:00,500.4742563561665 499.86174221481247
"{'eyeAct': 'neutral', 'uAct': 'frown', 'uPow': 1.0, 'lAct': 'smile', 'lPow': 0.65, 'time': 1683167636.8676}",2023-05-03 19:33:56.894619+00:00,500.4742563561665 499.86174221481247
